cell_type_name	ensembl_id	observed_in_singlecell
B cell	ENSG00000116824	TRUE
B cell	ENSG00000110448	TRUE
B cell	ENSG00000156738	TRUE
B cell	ENSG00000117322	TRUE
B cell	ENSG00000012124	TRUE
B cell	ENSG00000104921	TRUE
B cell	ENSG00000101017	TRUE
B cell	ENSG00000110848	TRUE
B cell	ENSG00000125726	TRUE
B cell	ENSG00000105369	TRUE
B cell	ENSG00000007312	TRUE
B cell	ENSG00000121594	TRUE
B cell	ENSG00000114013	TRUE
B cell	ENSG00000049249	TRUE
B cell	ENSG00000115884	TRUE
B cell	ENSG00000117586	TRUE
B cell	ENSG00000240505	TRUE
B cell	ENSG00000159958	TRUE
B cell	ENSG00000188389	TRUE
B cell	ENSG00000211898	TRUE
B cell	ENSG00000211899	TRUE
B cell	ENSG00000152689	TRUE
B cell	ENSG00000204287	TRUE
B cell	ENSG00000227507	TRUE
B cell	ENSG00000196735	TRUE
B cell	ENSG00000151702	TRUE
B cell	ENSG00000170458	TRUE
B cell	ENSG00000137872	TRUE
B cell	ENSG00000167613	TRUE
B cell	ENSG00000119917	TRUE
B cell	ENSG00000128322	TRUE
B cell	ENSG00000107447	TRUE
B cell	ENSG00000196549	TRUE
B cell	ENSG00000197471	TRUE
B cell	ENSG00000177455	TRUE
B cell	ENSG00000272398	TRUE
B cell	ENSG00000139193	TRUE
B cell	ENSG00000109956	TRUE
B cell	ENSG00000137101	TRUE
B cell	ENSG00000196092	TRUE
B cell	ENSG00000132465	TRUE
B cell	ENSG00000170476	TRUE
B cell	ENSG00000167656	TRUE
B cell	ENSG00000162894	TRUE
B cell	ENSG00000153064	TRUE
B cell	ENSG00000134109	TRUE
B cell	ENSG00000128218	TRUE
B cell	ENSG00000110777	TRUE
B cell	ENSG00000184164	TRUE
B cell	ENSG00000099958	TRUE
B cell	ENSG00000116191	TRUE
B cell	ENSG00000137478	TRUE
B cell	ENSG00000175482	TRUE
B cell	ENSG00000048462	TRUE
B cell	ENSG00000122986	TRUE
B cell	ENSG00000132185	TRUE
B cell	ENSG00000088298	TRUE
B cell	ENSG00000095585	TRUE
B cell	ENSG00000153066	TRUE
B cell	ENSG00000186265	TRUE
B cell	ENSG00000084070	TRUE
B cell	ENSG00000134285	TRUE
B cell	ENSG00000058262	TRUE
B cell	ENSG00000129128	TRUE
B cell	ENSG00000269404	TRUE
B cell	ENSG00000145088	TRUE
B cell	ENSG00000121966	TRUE
B cell	ENSG00000023445	TRUE
B cell	ENSG00000211677	TRUE
B cell	ENSG00000211679	TRUE
B cell	ENSG00000211675	TRUE
B cell	ENSG00000103522	TRUE
B cell	ENSG00000211592	TRUE
B cell	ENSG00000169575	TRUE
B cell	ENSG00000172578	TRUE
B cell	ENSG00000162739	TRUE
B cell	ENSG00000109743	TRUE
B cell	ENSG00000204410	TRUE
B cell	ENSG00000146094	TRUE
B cell	ENSG00000112182	TRUE
B cell	ENSG00000168297	TRUE
B cell	ENSG00000211896	TRUE
B cell	ENSG00000211897	TRUE
B cell	ENSG00000211892	TRUE
B cell	ENSG00000004468	TRUE
B cell	ENSG00000081237	TRUE
B cell	ENSG00000164330	TRUE
B cell	ENSG00000119866	TRUE
B cell	ENSG00000126353	TRUE
B cell	ENSG00000196352	TRUE
B cell	ENSG00000019582	TRUE
B cell	ENSG00000169442	TRUE
B cell	ENSG00000239732	TRUE
B cell	ENSG00000133789	TRUE
B cell	ENSG00000137309	TRUE
blood vessel endothelial cell	ENSG00000170456	TRUE
blood vessel endothelial cell	ENSG00000125378	TRUE
blood vessel endothelial cell	ENSG00000010704	TRUE
blood vessel endothelial cell	ENSG00000101000	TRUE
blood vessel endothelial cell	ENSG00000164867	TRUE
blood vessel endothelial cell	ENSG00000178726	TRUE
blood vessel endothelial cell	ENSG00000113083	TRUE
blood vessel endothelial cell	ENSG00000198844	TRUE
blood vessel endothelial cell	ENSG00000169418	TRUE
blood vessel endothelial cell	ENSG00000203883	TRUE
blood vessel endothelial cell	ENSG00000068001	TRUE
blood vessel endothelial cell	ENSG00000064989	TRUE
blood vessel endothelial cell	ENSG00000265107	TRUE
blood vessel endothelial cell	ENSG00000138061	TRUE
blood vessel endothelial cell	ENSG00000010327	TRUE
blood vessel endothelial cell	ENSG00000013016	TRUE
blood vessel endothelial cell	ENSG00000102010	TRUE
blood vessel endothelial cell	ENSG00000161638	TRUE
blood vessel endothelial cell	ENSG00000179104	TRUE
blood vessel endothelial cell	ENSG00000126368	TRUE
blood vessel endothelial cell	ENSG00000160447	TRUE
blood vessel endothelial cell	ENSG00000196502	TRUE
blood vessel endothelial cell	ENSG00000133687	TRUE
blood vessel endothelial cell	ENSG00000169291	TRUE
blood vessel endothelial cell	ENSG00000198542	TRUE
blood vessel endothelial cell	ENSG00000001561	TRUE
blood vessel endothelial cell	ENSG00000198792	TRUE
blood vessel endothelial cell	ENSG00000176692	TRUE
blood vessel endothelial cell	ENSG00000139549	TRUE
blood vessel endothelial cell	ENSG00000107821	TRUE
blood vessel endothelial cell	ENSG00000154783	TRUE
blood vessel endothelial cell	ENSG00000026103	TRUE
blood vessel endothelial cell	ENSG00000132470	TRUE
blood vessel endothelial cell	ENSG00000138080	TRUE
blood vessel endothelial cell	ENSG00000133816	TRUE
blood vessel endothelial cell	ENSG00000119919	TRUE
blood vessel endothelial cell	ENSG00000168952	TRUE
blood vessel endothelial cell	ENSG00000171992	TRUE
blood vessel endothelial cell	ENSG00000074370	TRUE
blood vessel endothelial cell	ENSG00000133574	TRUE
blood vessel endothelial cell	ENSG00000174600	TRUE
blood vessel endothelial cell	ENSG00000144668	TRUE
blood vessel endothelial cell	ENSG00000137834	TRUE
blood vessel endothelial cell	ENSG00000125266	TRUE
blood vessel endothelial cell	ENSG00000174804	TRUE
blood vessel endothelial cell	ENSG00000065320	TRUE
blood vessel endothelial cell	ENSG00000175906	TRUE
blood vessel endothelial cell	ENSG00000135547	TRUE
blood vessel endothelial cell	ENSG00000079150	TRUE
blood vessel endothelial cell	ENSG00000167693	TRUE
blood vessel endothelial cell	ENSG00000065485	TRUE
blood vessel endothelial cell	ENSG00000138613	TRUE
blood vessel endothelial cell	ENSG00000166272	TRUE
blood vessel endothelial cell	ENSG00000172037	TRUE
blood vessel endothelial cell	ENSG00000136213	TRUE
blood vessel endothelial cell	ENSG00000110811	TRUE
blood vessel endothelial cell	ENSG00000129451	TRUE
blood vessel endothelial cell	ENSG00000144063	TRUE
blood vessel endothelial cell	ENSG00000150048	TRUE
blood vessel endothelial cell	ENSG00000155254	TRUE
blood vessel endothelial cell	ENSG00000111077	TRUE
blood vessel endothelial cell	ENSG00000119787	TRUE
blood vessel endothelial cell	ENSG00000144476	TRUE
blood vessel endothelial cell	ENSG00000081052	TRUE
blood vessel endothelial cell	ENSG00000169031	TRUE
blood vessel endothelial cell	ENSG00000049246	TRUE
blood vessel endothelial cell	ENSG00000120915	TRUE
blood vessel endothelial cell	ENSG00000129455	TRUE
blood vessel endothelial cell	ENSG00000182240	TRUE
blood vessel endothelial cell	ENSG00000153162	TRUE
blood vessel endothelial cell	ENSG00000137573	TRUE
blood vessel endothelial cell	ENSG00000104324	TRUE
blood vessel endothelial cell	ENSG00000164530	TRUE
blood vessel endothelial cell	ENSG00000139211	TRUE
blood vessel endothelial cell	ENSG00000149177	TRUE
blood vessel endothelial cell	ENSG00000132481	TRUE
blood vessel endothelial cell	ENSG00000071282	TRUE
blood vessel endothelial cell	ENSG00000172572	TRUE
blood vessel endothelial cell	ENSG00000198732	TRUE
blood vessel endothelial cell	ENSG00000177685	TRUE
blood vessel endothelial cell	ENSG00000109610	TRUE
blood vessel endothelial cell	ENSG00000196344	TRUE
blood vessel endothelial cell	ENSG00000163710	TRUE
blood vessel endothelial cell	ENSG00000124212	TRUE
blood vessel endothelial cell	ENSG00000159640	TRUE
blood vessel endothelial cell	ENSG00000172986	TRUE
blood vessel endothelial cell	ENSG00000170891	TRUE
CD4-positive, alpha-beta T cell	ENSG00000117586	TRUE
CD4-positive, alpha-beta T cell	ENSG00000188389	TRUE
CD4-positive, alpha-beta T cell	ENSG00000066294	TRUE
CD4-positive, alpha-beta T cell	ENSG00000160683	TRUE
CD4-positive, alpha-beta T cell	ENSG00000091972	TRUE
CD4-positive, alpha-beta T cell	ENSG00000117090	TRUE
CD4-positive, alpha-beta T cell	ENSG00000163600	TRUE
CD4-positive, alpha-beta T cell	ENSG00000010610	TRUE
CD4-positive, alpha-beta T cell	ENSG00000167286	TRUE
CD4-positive, alpha-beta T cell	ENSG00000113916	TRUE
CD4-positive, alpha-beta T cell	ENSG00000160712	TRUE
CD4-positive, alpha-beta T cell	ENSG00000102245	TRUE
CD4-positive, alpha-beta T cell	ENSG00000089041	TRUE
dendritic cell	ENSG00000117322	TRUE
dendritic cell	ENSG00000012124	TRUE
dendritic cell	ENSG00000101017	TRUE
dendritic cell	ENSG00000121594	TRUE
dendritic cell	ENSG00000114013	TRUE
dendritic cell	ENSG00000204287	TRUE
dendritic cell	ENSG00000196735	TRUE
dendritic cell	ENSG00000170458	TRUE
dendritic cell	ENSG00000128322	TRUE
dendritic cell	ENSG00000132465	TRUE
dendritic cell	ENSG00000170476	TRUE
dendritic cell	ENSG00000099958	TRUE
dendritic cell	ENSG00000095585	TRUE
dendritic cell	ENSG00000186265	TRUE
dendritic cell	ENSG00000269404	TRUE
dendritic cell	ENSG00000121966	TRUE
dendritic cell	ENSG00000081237	TRUE
dendritic cell	ENSG00000119866	TRUE
dendritic cell	ENSG00000126353	TRUE
dendritic cell	ENSG00000239732	TRUE
dendritic cell	ENSG00000134061	TRUE
dendritic cell	ENSG00000158481	TRUE
dendritic cell	ENSG00000072694	TRUE
dendritic cell	ENSG00000140968	TRUE
dendritic cell	ENSG00000179344	TRUE
dendritic cell	ENSG00000185291	TRUE
dendritic cell	ENSG00000179639	TRUE
dendritic cell	ENSG00000169896	TRUE
dendritic cell	ENSG00000140678	TRUE
dendritic cell	ENSG00000039068	TRUE
dendritic cell	ENSG00000169508	TRUE
dendritic cell	ENSG00000136244	TRUE
dendritic cell	ENSG00000112149	TRUE
dendritic cell	ENSG00000158477	TRUE
dendritic cell	ENSG00000090659	TRUE
dendritic cell	ENSG00000078081	TRUE
dendritic cell	ENSG00000158485	TRUE
dendritic cell	ENSG00000095970	TRUE
dendritic cell	ENSG00000170323	TRUE
dendritic cell	ENSG00000163220	TRUE
dendritic cell	ENSG00000118520	TRUE
dendritic cell	ENSG00000242574	TRUE
dendritic cell	ENSG00000204257	TRUE
dendritic cell	ENSG00000132514	TRUE
dendritic cell	ENSG00000196126	TRUE
dendritic cell	ENSG00000231389	TRUE
dendritic cell	ENSG00000223865	TRUE
dendritic cell	ENSG00000163687	TRUE
dendritic cell	ENSG00000197992	TRUE
dendritic cell	ENSG00000131042	TRUE
dendritic cell	ENSG00000139083	TRUE
dendritic cell	ENSG00000177575	TRUE
dendritic cell	ENSG00000169429	TRUE
dendritic cell	ENSG00000155659	TRUE
dendritic cell	ENSG00000119508	TRUE
dendritic cell	ENSG00000056558	TRUE
dendritic cell	ENSG00000104856	TRUE
dendritic cell	ENSG00000123685	TRUE
dendritic cell	ENSG00000102962	TRUE
dendritic cell	ENSG00000026751	TRUE
dendritic cell	ENSG00000173578	TRUE
dendritic cell	ENSG00000161921	TRUE
dendritic cell	ENSG00000161929	TRUE
dendritic cell	ENSG00000146192	TRUE
dendritic cell	ENSG00000276600	TRUE
dendritic cell	ENSG00000138744	TRUE
dendritic cell	ENSG00000101336	TRUE
dendritic cell	ENSG00000010704	TRUE
dendritic cell	ENSG00000121807	TRUE
dendritic cell	ENSG00000196218	TRUE
dendritic cell	ENSG00000083457	TRUE
dendritic cell	ENSG00000196189	TRUE
dendritic cell	ENSG00000197635	TRUE
dendritic cell	ENSG00000158714	TRUE
dendritic cell	ENSG00000186810	TRUE
dendritic cell	ENSG00000122025	TRUE
dendritic cell	ENSG00000164342	TRUE
dendritic cell	ENSG00000183484	TRUE
dendritic cell	ENSG00000135074	TRUE
dendritic cell	ENSG00000152056	TRUE
dendritic cell	ENSG00000130707	TRUE
dendritic cell	ENSG00000159618	TRUE
dendritic cell	ENSG00000119714	TRUE
dendritic cell	ENSG00000157404	TRUE
dendritic cell	ENSG00000117009	TRUE
dendritic cell	ENSG00000078589	TRUE
dendritic cell	ENSG00000137502	TRUE
dendritic cell	ENSG00000130584	TRUE
dendritic cell	ENSG00000196154	TRUE
dendritic cell	ENSG00000172243	TRUE
dendritic cell	ENSG00000204472	TRUE
dendritic cell	ENSG00000204482	TRUE
dendritic cell	ENSG00000163131	TRUE
dendritic cell	ENSG00000174837	TRUE
dendritic cell	ENSG00000102970	TRUE
dendritic cell	ENSG00000116031	TRUE
dendritic cell	ENSG00000153563	TRUE
dendritic cell	ENSG00000168329	TRUE
dendritic cell	ENSG00000054219	TRUE
dendritic cell	ENSG00000197646	TRUE
dendritic cell	ENSG00000198053	TRUE
dendritic cell	ENSG00000203747	TRUE
dendritic cell	ENSG00000087086	TRUE
dendritic cell	ENSG00000197249	TRUE
dendritic cell	ENSG00000167601	TRUE
dendritic cell	ENSG00000167641	TRUE
dendritic cell	ENSG00000105492	TRUE
dendritic cell	ENSG00000153071	TRUE
dendritic cell	ENSG00000143546	TRUE
dendritic cell	ENSG00000038427	TRUE
dendritic cell	ENSG00000090382	TRUE
dendritic cell	ENSG00000135046	TRUE
dendritic cell	ENSG00000182985	TRUE
dendritic cell	ENSG00000145349	TRUE
dendritic cell	ENSG00000131981	TRUE
dendritic cell	ENSG00000131400	TRUE
dendritic cell	ENSG00000121316	TRUE
dendritic cell	ENSG00000169413	TRUE
dendritic cell	ENSG00000145287	TRUE
dendritic cell	ENSG00000018280	TRUE
dendritic cell	ENSG00000162493	TRUE
dendritic cell	ENSG00000160307	TRUE
dendritic cell	ENSG00000178562	TRUE
dendritic cell	ENSG00000118898	TRUE
dendritic cell	ENSG00000126233	TRUE
dendritic cell	ENSG00000206503	TRUE
dendritic cell	ENSG00000234745	TRUE
dendritic cell	ENSG00000204525	TRUE
dendritic cell	ENSG00000198502	TRUE
dendritic cell	ENSG00000170542	TRUE
dendritic cell	ENSG00000167748	TRUE
dendritic cell	ENSG00000182566	TRUE
dendritic cell	ENSG00000100453	TRUE
dendritic cell	ENSG00000128604	TRUE
dendritic cell	ENSG00000185507	TRUE
dendritic cell	ENSG00000107968	TRUE
dendritic cell	ENSG00000056736	TRUE
dendritic cell	ENSG00000010610	TRUE
dendritic cell	ENSG00000239961	TRUE
dendritic cell	ENSG00000198178	TRUE
dendritic cell	ENSG00000102871	TRUE
dendritic cell	ENSG00000123329	TRUE
dendritic cell	ENSG00000125869	TRUE
dendritic cell	ENSG00000169967	TRUE
dendritic cell	ENSG00000102524	TRUE
dendritic cell	ENSG00000171611	TRUE
dendritic cell	ENSG00000178607	TRUE
dendritic cell	ENSG00000124507	TRUE
dendritic cell	ENSG00000196664	TRUE
dendritic cell	ENSG00000111249	TRUE
dendritic cell	ENSG00000140563	TRUE
dendritic cell	ENSG00000179603	TRUE
dendritic cell	ENSG00000154229	TRUE
dendritic cell	ENSG00000132357	TRUE
dendritic cell	ENSG00000132386	TRUE
dendritic cell	ENSG00000135916	TRUE
dendritic cell	ENSG00000196628	TRUE
dendritic cell	ENSG00000066827	TRUE
dendritic cell	ENSG00000099250	TRUE
dendritic cell	ENSG00000139370	TRUE
dendritic cell	ENSG00000173585	TRUE
dendritic cell	ENSG00000130303	TRUE
endothelial cell	ENSG00000152689	TRUE
endothelial cell	ENSG00000151702	TRUE
endothelial cell	ENSG00000196352	TRUE
endothelial cell	ENSG00000170456	TRUE
endothelial cell	ENSG00000213316	TRUE
endothelial cell	ENSG00000163453	TRUE
endothelial cell	ENSG00000125378	TRUE
endothelial cell	ENSG00000125968	TRUE
endothelial cell	ENSG00000170323	TRUE
endothelial cell	ENSG00000163687	TRUE
endothelial cell	ENSG00000010704	TRUE
endothelial cell	ENSG00000197635	TRUE
endothelial cell	ENSG00000145287	TRUE
endothelial cell	ENSG00000162493	TRUE
endothelial cell	ENSG00000167748	TRUE
endothelial cell	ENSG00000261371	TRUE
endothelial cell	ENSG00000090339	TRUE
endothelial cell	ENSG00000259207	TRUE
endothelial cell	ENSG00000007908	TRUE
endothelial cell	ENSG00000162692	TRUE
endothelial cell	ENSG00000076706	TRUE
endothelial cell	ENSG00000101000	TRUE
endothelial cell	ENSG00000120156	TRUE
endothelial cell	ENSG00000037280	TRUE
endothelial cell	ENSG00000171388	TRUE
endothelial cell	ENSG00000110799	TRUE
endothelial cell	ENSG00000164867	TRUE
endothelial cell	ENSG00000178726	TRUE
endothelial cell	ENSG00000130300	TRUE
endothelial cell	ENSG00000213088	TRUE
endothelial cell	ENSG00000139155	TRUE
endothelial cell	ENSG00000166292	TRUE
endothelial cell	ENSG00000069122	TRUE
endothelial cell	ENSG00000118777	TRUE
endothelial cell	ENSG00000128567	TRUE
endothelial cell	ENSG00000163072	TRUE
endothelial cell	ENSG00000168389	TRUE
endothelial cell	ENSG00000139567	TRUE
endothelial cell	ENSG00000240583	TRUE
endothelial cell	ENSG00000065534	TRUE
endothelial cell	ENSG00000105538	TRUE
endothelial cell	ENSG00000066056	TRUE
endothelial cell	ENSG00000134817	TRUE
endothelial cell	ENSG00000118257	TRUE
endothelial cell	ENSG00000154734	TRUE
endothelial cell	ENSG00000177519	TRUE
endothelial cell	ENSG00000277494	TRUE
endothelial cell	ENSG00000115641	TRUE
endothelial cell	ENSG00000113083	TRUE
endothelial cell	ENSG00000128271	TRUE
endothelial cell	ENSG00000120318	TRUE
endothelial cell	ENSG00000198844	TRUE
endothelial cell	ENSG00000100065	TRUE
endothelial cell	ENSG00000176435	TRUE
endothelial cell	ENSG00000128917	TRUE
endothelial cell	ENSG00000164283	TRUE
endothelial cell	ENSG00000196329	TRUE
endothelial cell	ENSG00000187513	TRUE
endothelial cell	ENSG00000173269	TRUE
endothelial cell	ENSG00000204301	TRUE
endothelial cell	ENSG00000169418	TRUE
endothelial cell	ENSG00000027075	TRUE
endothelial cell	ENSG00000154133	TRUE
endothelial cell	ENSG00000074660	TRUE
endothelial cell	ENSG00000203883	TRUE
endothelial cell	ENSG00000171056	TRUE
endothelial cell	ENSG00000183018	TRUE
endothelial cell	ENSG00000136114	TRUE
endothelial cell	ENSG00000178878	TRUE
endothelial cell	ENSG00000134531	TRUE
endothelial cell	ENSG00000135218	TRUE
endothelial cell	ENSG00000129538	TRUE
endothelial cell	ENSG00000068001	TRUE
endothelial cell	ENSG00000182566	TRUE
endothelial cell	ENSG00000166856	TRUE
endothelial cell	ENSG00000185010	TRUE
endothelial cell	ENSG00000162444	TRUE
endothelial cell	ENSG00000064989	TRUE
endothelial cell	ENSG00000103241	TRUE
endothelial cell	ENSG00000130940	TRUE
endothelial cell	ENSG00000165269	TRUE
endothelial cell	ENSG00000125878	TRUE
endothelial cell	ENSG00000161649	TRUE
endothelial cell	ENSG00000165810	TRUE
endothelial cell	ENSG00000106511	TRUE
endothelial cell	ENSG00000157554	TRUE
endothelial cell	ENSG00000186834	TRUE
endothelial cell	ENSG00000257780	TRUE
endothelial cell	ENSG00000138722	TRUE
endothelial cell	ENSG00000112936	TRUE
endothelial cell	ENSG00000122679	TRUE
endothelial cell	ENSG00000150630	TRUE
endothelial cell	ENSG00000265107	TRUE
endothelial cell	ENSG00000164683	TRUE
endothelial cell	ENSG00000172602	TRUE
endothelial cell	ENSG00000145734	TRUE
endothelial cell	ENSG00000117335	TRUE
endothelial cell	ENSG00000005102	TRUE
endothelial cell	ENSG00000172724	TRUE
endothelial cell	ENSG00000099866	TRUE
endothelial cell	ENSG00000138061	TRUE
endothelial cell	ENSG00000177508	TRUE
endothelial cell	ENSG00000110330	TRUE
endothelial cell	ENSG00000133800	TRUE
endothelial cell	ENSG00000153993	TRUE
endothelial cell	ENSG00000164035	TRUE
endothelial cell	ENSG00000103175	TRUE
endothelial cell	ENSG00000162618	TRUE
endothelial cell	ENSG00000179403	TRUE
endothelial cell	ENSG00000117298	TRUE
endothelial cell	ENSG00000127329	TRUE
endothelial cell	ENSG00000184113	TRUE
endothelial cell	ENSG00000184058	TRUE
endothelial cell	ENSG00000138623	TRUE
endothelial cell	ENSG00000137273	TRUE
endothelial cell	ENSG00000100311	TRUE
endothelial cell	ENSG00000249751	TRUE
endothelial cell	ENSG00000111145	TRUE
endothelial cell	ENSG00000179776	TRUE
endothelial cell	ENSG00000178209	TRUE
endothelial cell	ENSG00000010327	TRUE
endothelial cell	ENSG00000163513	TRUE
endothelial cell	ENSG00000125810	TRUE
endothelial cell	ENSG00000163739	TRUE
endothelial cell	ENSG00000143248	TRUE
endothelial cell	ENSG00000232995	TRUE
endothelial cell	ENSG00000103257	TRUE
endothelial cell	ENSG00000106991	TRUE
endothelial cell	ENSG00000128052	TRUE
endothelial cell	ENSG00000117394	TRUE
endothelial cell	ENSG00000172889	TRUE
endothelial cell	ENSG00000102755	TRUE
endothelial cell	ENSG00000116016	TRUE
endothelial cell	ENSG00000136160	TRUE
endothelial cell	ENSG00000121361	TRUE
endothelial cell	ENSG00000085117	TRUE
endothelial cell	ENSG00000175264	TRUE
endothelial cell	ENSG00000127324	TRUE
endothelial cell	ENSG00000134954	TRUE
endothelial cell	ENSG00000174059	TRUE
endothelial cell	ENSG00000117707	TRUE
endothelial cell	ENSG00000013016	TRUE
endothelial cell	ENSG00000122862	TRUE
endothelial cell	ENSG00000197747	TRUE
endothelial cell	ENSG00000169504	TRUE
endothelial cell	ENSG00000130307	TRUE
endothelial cell	ENSG00000111046	TRUE
endothelial cell	ENSG00000138315	TRUE
endothelial cell	ENSG00000115008	TRUE
endothelial cell	ENSG00000125845	TRUE
endothelial cell	ENSG00000173918	TRUE
endothelial cell	ENSG00000113555	TRUE
endothelial cell	ENSG00000099260	TRUE
endothelial cell	ENSG00000133110	TRUE
endothelial cell	ENSG00000102010	TRUE
endothelial cell	ENSG00000017483	TRUE
endothelial cell	ENSG00000158125	TRUE
endothelial cell	ENSG00000113140	TRUE
endothelial cell	ENSG00000074416	TRUE
endothelial cell	ENSG00000065054	TRUE
endothelial cell	ENSG00000102760	TRUE
endothelial cell	ENSG00000108622	TRUE
endothelial cell	ENSG00000111341	TRUE
endothelial cell	ENSG00000152583	TRUE
endothelial cell	ENSG00000169908	TRUE
endothelial cell	ENSG00000148671	TRUE
endothelial cell	ENSG00000010278	TRUE
endothelial cell	ENSG00000101955	TRUE
endothelial cell	ENSG00000117318	TRUE
endothelial cell	ENSG00000105974	TRUE
endothelial cell	ENSG00000127920	TRUE
endothelial cell	ENSG00000142798	TRUE
endothelial cell	ENSG00000276409	TRUE
endothelial cell	ENSG00000165682	TRUE
endothelial cell	ENSG00000160339	TRUE
endothelial cell	ENSG00000189171	TRUE
endothelial cell	ENSG00000142748	TRUE
endothelial cell	ENSG00000145708	TRUE
endothelial cell	ENSG00000165949	TRUE
endothelial cell	ENSG00000274736	TRUE
endothelial cell	ENSG00000118515	TRUE
endothelial cell	ENSG00000113594	TRUE
endothelial cell	ENSG00000267107	TRUE
endothelial cell	ENSG00000129757	TRUE
endothelial cell	ENSG00000241644	TRUE
endothelial cell	ENSG00000107317	TRUE
endothelial cell	ENSG00000100234	TRUE
endothelial cell	ENSG00000150625	TRUE
endothelial cell	ENSG00000183615	TRUE
endothelial cell	ENSG00000136011	TRUE
endothelial cell	ENSG00000161638	TRUE
endothelial cell	ENSG00000179104	TRUE
endothelial cell	ENSG00000126368	TRUE
endothelial cell	ENSG00000160447	TRUE
endothelial cell	ENSG00000196502	TRUE
endothelial cell	ENSG00000133687	TRUE
endothelial cell	ENSG00000169291	TRUE
endothelial cell	ENSG00000198542	TRUE
endothelial cell	ENSG00000001561	TRUE
endothelial cell	ENSG00000198792	TRUE
endothelial cell	ENSG00000176692	TRUE
endothelial cell	ENSG00000139549	TRUE
endothelial cell	ENSG00000107821	TRUE
endothelial cell	ENSG00000154783	TRUE
endothelial cell	ENSG00000026103	TRUE
endothelial cell	ENSG00000132470	TRUE
endothelial cell	ENSG00000138080	TRUE
endothelial cell	ENSG00000133816	TRUE
endothelial cell	ENSG00000119919	TRUE
endothelial cell	ENSG00000168952	TRUE
endothelial cell	ENSG00000171992	TRUE
endothelial cell	ENSG00000074370	TRUE
endothelial cell	ENSG00000133574	TRUE
endothelial cell	ENSG00000174600	TRUE
endothelial cell	ENSG00000144668	TRUE
endothelial cell	ENSG00000137834	TRUE
endothelial cell	ENSG00000125266	TRUE
endothelial cell	ENSG00000174804	TRUE
endothelial cell	ENSG00000065320	TRUE
endothelial cell	ENSG00000175906	TRUE
endothelial cell	ENSG00000135547	TRUE
endothelial cell	ENSG00000079150	TRUE
endothelial cell	ENSG00000167693	TRUE
endothelial cell	ENSG00000065485	TRUE
endothelial cell	ENSG00000138613	TRUE
endothelial cell	ENSG00000166272	TRUE
endothelial cell	ENSG00000172037	TRUE
endothelial cell	ENSG00000136213	TRUE
endothelial cell	ENSG00000110811	TRUE
endothelial cell	ENSG00000129451	TRUE
endothelial cell	ENSG00000144063	TRUE
endothelial cell	ENSG00000150048	TRUE
endothelial cell	ENSG00000155254	TRUE
endothelial cell	ENSG00000111077	TRUE
endothelial cell	ENSG00000119787	TRUE
endothelial cell	ENSG00000144476	TRUE
endothelial cell	ENSG00000081052	TRUE
endothelial cell	ENSG00000169031	TRUE
endothelial cell	ENSG00000049246	TRUE
endothelial cell	ENSG00000120915	TRUE
endothelial cell	ENSG00000129455	TRUE
endothelial cell	ENSG00000182240	TRUE
endothelial cell	ENSG00000153162	TRUE
endothelial cell	ENSG00000137573	TRUE
endothelial cell	ENSG00000104324	TRUE
endothelial cell	ENSG00000164530	TRUE
endothelial cell	ENSG00000139211	TRUE
endothelial cell	ENSG00000149177	TRUE
endothelial cell	ENSG00000132481	TRUE
endothelial cell	ENSG00000071282	TRUE
endothelial cell	ENSG00000172572	TRUE
endothelial cell	ENSG00000198732	TRUE
endothelial cell	ENSG00000177685	TRUE
endothelial cell	ENSG00000109610	TRUE
endothelial cell	ENSG00000196344	TRUE
endothelial cell	ENSG00000163710	TRUE
endothelial cell	ENSG00000124212	TRUE
endothelial cell	ENSG00000159640	TRUE
endothelial cell	ENSG00000172986	TRUE
endothelial cell	ENSG00000170891	TRUE
endothelial cell	ENSG00000131095	TRUE
endothelial cell	ENSG00000170075	TRUE
endothelial cell	ENSG00000164707	TRUE
endothelial cell	ENSG00000173638	TRUE
endothelial cell	ENSG00000089057	TRUE
endothelial cell	ENSG00000188338	TRUE
endothelial cell	ENSG00000127863	TRUE
endothelial cell	ENSG00000146072	TRUE
endothelial cell	ENSG00000183770	TRUE
endothelial cell	ENSG00000164379	TRUE
endothelial cell	ENSG00000138795	TRUE
endothelial cell	ENSG00000112033	TRUE
endothelial cell	ENSG00000156925	TRUE
endothelial cell	ENSG00000170017	TRUE
eosinophil	ENSG00000104921	FALSE
eosinophil	ENSG00000110848	FALSE
eosinophil	ENSG00000183625	FALSE
eosinophil	ENSG00000213316	FALSE
eosinophil	ENSG00000163751	FALSE
eosinophil	ENSG00000163220	FALSE
eosinophil	ENSG00000186810	FALSE
eosinophil	ENSG00000171860	FALSE
eosinophil	ENSG00000196371	FALSE
eosinophil	ENSG00000197405	FALSE
eosinophil	ENSG00000163823	FALSE
eosinophil	ENSG00000122223	FALSE
eosinophil	ENSG00000183134	FALSE
eosinophil	ENSG00000105366	FALSE
eosinophil	ENSG00000142512	FALSE
eosinophil	ENSG00000008438	FALSE
eosinophil	ENSG00000121053	FALSE
eosinophil	ENSG00000169397	FALSE
eosinophil	ENSG00000169385	FALSE
eosinophil	ENSG00000113525	FALSE
eosinophil	ENSG00000186652	FALSE
eosinophil	ENSG00000156575	FALSE
eosinophil	ENSG00000030419	FALSE
eosinophil	ENSG00000172156	FALSE
eosinophil	ENSG00000271503	FALSE
eosinophil	ENSG00000164400	FALSE
eosinophil	ENSG00000091181	FALSE
epithelial cell	ENSG00000101017	TRUE
epithelial cell	ENSG00000121594	TRUE
epithelial cell	ENSG00000074803	TRUE
epithelial cell	ENSG00000174944	TRUE
epithelial cell	ENSG00000198910	TRUE
epithelial cell	ENSG00000170323	TRUE
epithelial cell	ENSG00000197635	TRUE
epithelial cell	ENSG00000152056	TRUE
epithelial cell	ENSG00000130707	TRUE
epithelial cell	ENSG00000131981	TRUE
epithelial cell	ENSG00000131400	TRUE
epithelial cell	ENSG00000156284	TRUE
epithelial cell	ENSG00000070915	TRUE
epithelial cell	ENSG00000169344	TRUE
epithelial cell	ENSG00000101384	TRUE
epithelial cell	ENSG00000104327	TRUE
epithelial cell	ENSG00000100362	TRUE
epithelial cell	ENSG00000164708	TRUE
epithelial cell	ENSG00000126562	TRUE
epithelial cell	ENSG00000164023	TRUE
epithelial cell	ENSG00000118596	TRUE
epithelial cell	ENSG00000273706	TRUE
epithelial cell	ENSG00000179869	TRUE
epithelial cell	ENSG00000135638	TRUE
epithelial cell	ENSG00000119121	TRUE
epithelial cell	ENSG00000109182	TRUE
epithelial cell	ENSG00000092439	TRUE
epithelial cell	ENSG00000159650	TRUE
epithelial cell	ENSG00000072274	TRUE
epithelial cell	ENSG00000196428	TRUE
epithelial cell	ENSG00000138709	TRUE
epithelial cell	ENSG00000184908	TRUE
epithelial cell	ENSG00000146021	TRUE
epithelial cell	ENSG00000167748	TRUE
epithelial cell	ENSG00000151704	TRUE
epithelial cell	ENSG00000175879	TRUE
epithelial cell	ENSG00000133116	TRUE
epithelial cell	ENSG00000138798	TRUE
epithelial cell	ENSG00000214128	TRUE
epithelial cell	ENSG00000165685	TRUE
epithelial cell	ENSG00000164825	TRUE
epithelial cell	ENSG00000137731	TRUE
epithelial cell	ENSG00000072657	TRUE
epithelial cell	ENSG00000153822	TRUE
epithelial cell	ENSG00000140519	TRUE
epithelial cell	ENSG00000171243	TRUE
epithelial cell	ENSG00000111319	TRUE
epithelial cell	ENSG00000111424	TRUE
epithelial cell	ENSG00000060237	TRUE
epithelial cell	ENSG00000183023	TRUE
epithelial cell	ENSG00000167580	TRUE
epithelial cell	ENSG00000126895	TRUE
epithelial cell	ENSG00000069122	TRUE
epithelial cell	ENSG00000128567	TRUE
epithelial cell	ENSG00000240583	TRUE
epithelial cell	ENSG00000169418	TRUE
epithelial cell	ENSG00000064989	TRUE
epithelial cell	ENSG00000163739	TRUE
epithelial cell	ENSG00000143248	TRUE
epithelial cell	ENSG00000232995	TRUE
epithelial cell	ENSG00000127324	TRUE
epithelial cell	ENSG00000129757	TRUE
epithelial cell	ENSG00000176692	TRUE
epithelial cell	ENSG00000171992	TRUE
epithelial cell	ENSG00000135547	TRUE
epithelial cell	ENSG00000172037	TRUE
epithelial cell	ENSG00000111077	TRUE
epithelial cell	ENSG00000081052	TRUE
epithelial cell	ENSG00000169031	TRUE
epithelial cell	ENSG00000137573	TRUE
epithelial cell	ENSG00000109610	TRUE
epithelial cell	ENSG00000205336	TRUE
epithelial cell	ENSG00000168269	TRUE
epithelial cell	ENSG00000181045	TRUE
epithelial cell	ENSG00000004939	TRUE
epithelial cell	ENSG00000091137	TRUE
epithelial cell	ENSG00000116039	TRUE
epithelial cell	ENSG00000050438	TRUE
epithelial cell	ENSG00000086159	TRUE
epithelial cell	ENSG00000143882	TRUE
epithelial cell	ENSG00000151418	TRUE
epithelial cell	ENSG00000147614	TRUE
epithelial cell	ENSG00000165621	TRUE
epithelial cell	ENSG00000166148	TRUE
epithelial cell	ENSG00000186510	TRUE
epithelial cell	ENSG00000132677	TRUE
epithelial cell	ENSG00000173253	TRUE
epithelial cell	ENSG00000027644	TRUE
epithelial cell	ENSG00000184937	TRUE
epithelial cell	ENSG00000113946	TRUE
epithelial cell	ENSG00000134873	TRUE
epithelial cell	ENSG00000164007	TRUE
epithelial cell	ENSG00000113361	TRUE
epithelial cell	ENSG00000148346	TRUE
epithelial cell	ENSG00000107984	TRUE
epithelial cell	ENSG00000276644	TRUE
epithelial cell	ENSG00000110911	TRUE
epithelial cell	ENSG00000099889	TRUE
epithelial cell	ENSG00000131055	TRUE
epithelial cell	ENSG00000142973	TRUE
epithelial cell	ENSG00000188677	TRUE
epithelial cell	ENSG00000156463	TRUE
epithelial cell	ENSG00000101198	TRUE
epithelial cell	ENSG00000154736	TRUE
epithelial cell	ENSG00000164949	TRUE
epithelial cell	ENSG00000171560	TRUE
epithelial cell	ENSG00000146070	TRUE
epithelial cell	ENSG00000137801	TRUE
epithelial cell	ENSG00000171617	TRUE
epithelial cell	ENSG00000171621	TRUE
epithelial cell	ENSG00000196843	TRUE
epithelial cell	ENSG00000132874	TRUE
epithelial cell	ENSG00000154146	TRUE
epithelial cell	ENSG00000180537	TRUE
epithelial cell	ENSG00000169174	TRUE
epithelial cell	ENSG00000136048	TRUE
epithelial cell	ENSG00000198576	TRUE
epithelial cell	ENSG00000119408	TRUE
epithelial cell	ENSG00000082014	TRUE
epithelial cell	ENSG00000107147	TRUE
epithelial cell	ENSG00000073756	TRUE
epithelial cell	ENSG00000170561	TRUE
epithelial cell	ENSG00000131771	TRUE
epithelial cell	ENSG00000101670	TRUE
epithelial cell	ENSG00000159173	TRUE
epithelial cell	ENSG00000188993	TRUE
epithelial cell	ENSG00000017427	TRUE
epithelial cell	ENSG00000117594	TRUE
epithelial cell	ENSG00000080493	TRUE
epithelial cell	ENSG00000123240	TRUE
epithelial cell	ENSG00000112715	TRUE
epithelial cell	ENSG00000107485	TRUE
epithelial cell	ENSG00000162711	TRUE
epithelial cell	ENSG00000175084	TRUE
epithelial cell	ENSG00000148926	TRUE
epithelial cell	ENSG00000054598	TRUE
epithelial cell	ENSG00000160801	TRUE
epithelial cell	ENSG00000162551	TRUE
epithelial cell	ENSG00000160323	TRUE
epithelial cell	ENSG00000181856	TRUE
epithelial cell	ENSG00000161270	TRUE
epithelial cell	ENSG00000116218	TRUE
epithelial cell	ENSG00000053747	TRUE
epithelial cell	ENSG00000151490	TRUE
epithelial cell	ENSG00000136944	TRUE
epithelial cell	ENSG00000034971	TRUE
epithelial cell	ENSG00000140945	TRUE
epithelial cell	ENSG00000010319	TRUE
epithelial cell	ENSG00000005108	TRUE
epithelial cell	ENSG00000204103	TRUE
epithelial cell	ENSG00000138792	TRUE
epithelial cell	ENSG00000112782	TRUE
epithelial cell	ENSG00000169213	TRUE
epithelial cell	ENSG00000136859	TRUE
epithelial cell	ENSG00000082781	TRUE
epithelial cell	ENSG00000158106	TRUE
epithelial cell	ENSG00000187244	TRUE
epithelial cell	ENSG00000187391	TRUE
epithelial cell	ENSG00000090776	TRUE
epithelial cell	ENSG00000152952	TRUE
epithelial cell	ENSG00000196935	TRUE
epithelial cell	ENSG00000113389	TRUE
epithelial cell	ENSG00000005884	TRUE
epithelial cell	ENSG00000138193	TRUE
epithelial cell	ENSG00000184500	TRUE
epithelial cell	ENSG00000153208	TRUE
epithelial cell	ENSG00000176658	TRUE
epithelial cell	ENSG00000118526	TRUE
epithelial cell	ENSG00000116117	TRUE
epithelial cell	ENSG00000170381	TRUE
epithelial cell	ENSG00000157483	TRUE
epithelial cell	ENSG00000078114	TRUE
epithelial cell	ENSG00000104611	TRUE
epithelial cell	ENSG00000162782	TRUE
epithelial cell	ENSG00000145703	TRUE
epithelial cell	ENSG00000083857	TRUE
epithelial cell	ENSG00000143195	TRUE
epithelial cell	ENSG00000251493	TRUE
epithelial cell	ENSG00000071575	TRUE
epithelial cell	ENSG00000134013	TRUE
epithelial cell	ENSG00000188153	TRUE
epithelial cell	ENSG00000152527	TRUE
epithelial cell	ENSG00000119326	TRUE
epithelial cell	ENSG00000152137	TRUE
epithelial cell	ENSG00000107104	TRUE
epithelial cell	ENSG00000164742	TRUE
epithelial cell	ENSG00000147459	TRUE
epithelial cell	ENSG00000148204	TRUE
epithelial cell	ENSG00000137821	TRUE
epithelial cell	ENSG00000103647	TRUE
epithelial cell	ENSG00000138639	TRUE
epithelial cell	ENSG00000013588	TRUE
epithelial cell	ENSG00000126878	TRUE
epithelial cell	ENSG00000105976	TRUE
epithelial cell	ENSG00000115109	TRUE
epithelial cell	ENSG00000150760	TRUE
epithelial cell	ENSG00000129474	TRUE
epithelial cell	ENSG00000198087	TRUE
epithelial cell	ENSG00000173905	TRUE
epithelial cell	ENSG00000160062	TRUE
epithelial cell	ENSG00000141232	TRUE
epithelial cell	ENSG00000176871	TRUE
epithelial cell	ENSG00000104412	TRUE
epithelial cell	ENSG00000103966	TRUE
epithelial cell	ENSG00000186660	TRUE
epithelial cell	ENSG00000120705	TRUE
epithelial cell	ENSG00000134153	TRUE
epithelial cell	ENSG00000146963	TRUE
epithelial cell	ENSG00000186868	TRUE
epithelial cell	ENSG00000165272	TRUE
epithelial cell	ENSG00000166828	TRUE
epithelial cell	ENSG00000176387	TRUE
epithelial cell	ENSG00000150201	TRUE
epithelial cell	ENSG00000248329	TRUE
epithelial cell	ENSG00000168743	TRUE
epithelial cell	ENSG00000168447	TRUE
epithelial cell	ENSG00000180509	TRUE
epithelial cell	ENSG00000166589	TRUE
epithelial cell	ENSG00000129596	TRUE
epithelial cell	ENSG00000151715	TRUE
epithelial cell	ENSG00000184292	TRUE
epithelial cell	ENSG00000162366	TRUE
epithelial cell	ENSG00000189143	TRUE
epithelial cell	ENSG00000145348	TRUE
epithelial cell	ENSG00000234224	TRUE
epithelial cell	ENSG00000167191	TRUE
epithelial cell	ENSG00000112137	TRUE
epithelial cell	ENSG00000143126	TRUE
epithelial cell	ENSG00000155760	TRUE
epithelial cell	ENSG00000109667	TRUE
epithelial cell	ENSG00000178828	TRUE
epithelial cell	ENSG00000127412	TRUE
epithelial cell	ENSG00000159167	TRUE
epithelial cell	ENSG00000139946	TRUE
epithelial cell	ENSG00000177076	TRUE
epithelial cell	ENSG00000171885	TRUE
epithelial cell	ENSG00000157240	TRUE
epithelial cell	ENSG00000148344	TRUE
epithelial cell	ENSG00000117472	TRUE
epithelial cell	ENSG00000151623	TRUE
epithelial cell	ENSG00000114315	TRUE
epithelial cell	ENSG00000165376	TRUE
epithelial cell	ENSG00000186335	TRUE
epithelial cell	ENSG00000100170	TRUE
epithelial cell	ENSG00000164363	TRUE
epithelial cell	ENSG00000174358	TRUE
epithelial cell	ENSG00000140675	TRUE
epithelial cell	ENSG00000081479	TRUE
epithelial cell	ENSG00000174827	TRUE
epithelial cell	ENSG00000100253	TRUE
epithelial cell	ENSG00000131183	TRUE
epithelial cell	ENSG00000172425	TRUE
epithelial cell	ENSG00000124253	TRUE
epithelial cell	ENSG00000172461	TRUE
epithelial cell	ENSG00000138030	TRUE
epithelial cell	ENSG00000149124	TRUE
epithelial cell	ENSG00000165140	TRUE
epithelial cell	ENSG00000197901	TRUE
epithelial cell	ENSG00000197891	TRUE
epithelial cell	ENSG00000142494	TRUE
epithelial cell	ENSG00000086991	TRUE
epithelial cell	ENSG00000124568	TRUE
epithelial cell	ENSG00000158296	TRUE
epithelial cell	ENSG00000130649	TRUE
epithelial cell	ENSG00000149452	TRUE
epithelial cell	ENSG00000110195	TRUE
epithelial cell	ENSG00000164893	TRUE
epithelial cell	ENSG00000162433	TRUE
epithelial cell	ENSG00000256870	TRUE
epithelial cell	ENSG00000175003	TRUE
epithelial cell	ENSG00000112964	TRUE
epithelial cell	ENSG00000100024	TRUE
epithelial cell	ENSG00000124564	TRUE
epithelial cell	ENSG00000105607	TRUE
epithelial cell	ENSG00000100577	TRUE
epithelial cell	ENSG00000126522	TRUE
epithelial cell	ENSG00000103876	TRUE
epithelial cell	ENSG00000184988	TRUE
epithelial cell	ENSG00000244067	TRUE
epithelial cell	ENSG00000165475	TRUE
epithelial cell	ENSG00000148942	TRUE
epithelial cell	ENSG00000136250	TRUE
epithelial cell	ENSG00000081800	TRUE
epithelial cell	ENSG00000023839	TRUE
epithelial cell	ENSG00000170927	TRUE
epithelial cell	ENSG00000197818	TRUE
epithelial cell	ENSG00000006747	TRUE
epithelial cell	ENSG00000172940	TRUE
epithelial cell	ENSG00000137204	TRUE
epithelial cell	ENSG00000165449	TRUE
epithelial cell	ENSG00000113492	TRUE
epithelial cell	ENSG00000140263	TRUE
epithelial cell	ENSG00000101076	TRUE
epithelial cell	ENSG00000103202	TRUE
epithelial cell	ENSG00000130203	TRUE
epithelial cell	ENSG00000113924	TRUE
epithelial cell	ENSG00000140961	TRUE
epithelial cell	ENSG00000167711	TRUE
epithelial cell	ENSG00000162882	TRUE
epithelial cell	ENSG00000168938	TRUE
epithelial cell	ENSG00000160180	TRUE
epithelial cell	ENSG00000127588	TRUE
epithelial cell	ENSG00000213901	TRUE
epithelial cell	ENSG00000145321	TRUE
epithelial cell	ENSG00000075429	TRUE
epithelial cell	ENSG00000120708	TRUE
epithelial cell	ENSG00000138207	TRUE
granulocyte	ENSG00000104921	TRUE
granulocyte	ENSG00000110848	TRUE
granulocyte	ENSG00000170458	TRUE
granulocyte	ENSG00000196549	TRUE
granulocyte	ENSG00000272398	TRUE
granulocyte	ENSG00000109743	TRUE
granulocyte	ENSG00000077238	TRUE
granulocyte	ENSG00000188404	TRUE
granulocyte	ENSG00000185291	TRUE
granulocyte	ENSG00000183625	TRUE
granulocyte	ENSG00000154269	TRUE
granulocyte	ENSG00000179639	TRUE
granulocyte	ENSG00000136869	TRUE
granulocyte	ENSG00000213316	TRUE
granulocyte	ENSG00000163751	TRUE
granulocyte	ENSG00000005844	TRUE
granulocyte	ENSG00000169896	TRUE
granulocyte	ENSG00000140678	TRUE
granulocyte	ENSG00000139626	TRUE
granulocyte	ENSG00000113520	TRUE
granulocyte	ENSG00000149534	TRUE
granulocyte	ENSG00000149516	TRUE
granulocyte	ENSG00000140287	TRUE
granulocyte	ENSG00000179348	TRUE
granulocyte	ENSG00000277632	TRUE
granulocyte	ENSG00000105383	TRUE
granulocyte	ENSG00000026508	TRUE
granulocyte	ENSG00000039068	TRUE
granulocyte	ENSG00000135312	TRUE
granulocyte	ENSG00000163453	TRUE
granulocyte	ENSG00000137976	TRUE
granulocyte	ENSG00000134824	TRUE
granulocyte	ENSG00000076716	TRUE
granulocyte	ENSG00000113262	TRUE
granulocyte	ENSG00000131069	TRUE
granulocyte	ENSG00000170425	TRUE
granulocyte	ENSG00000103569	TRUE
granulocyte	ENSG00000186318	TRUE
granulocyte	ENSG00000125378	TRUE
granulocyte	ENSG00000134508	TRUE
granulocyte	ENSG00000275302	TRUE
granulocyte	ENSG00000245848	TRUE
granulocyte	ENSG00000129173	TRUE
granulocyte	ENSG00000149485	TRUE
granulocyte	ENSG00000064763	TRUE
granulocyte	ENSG00000112146	TRUE
granulocyte	ENSG00000204681	TRUE
granulocyte	ENSG00000169508	TRUE
granulocyte	ENSG00000019991	TRUE
granulocyte	ENSG00000185885	TRUE
granulocyte	ENSG00000203485	TRUE
granulocyte	ENSG00000153814	TRUE
granulocyte	ENSG00000198910	TRUE
granulocyte	ENSG00000130702	TRUE
granulocyte	ENSG00000172197	TRUE
granulocyte	ENSG00000165030	TRUE
granulocyte	ENSG00000135838	TRUE
granulocyte	ENSG00000021762	TRUE
granulocyte	ENSG00000089723	TRUE
granulocyte	ENSG00000169860	TRUE
granulocyte	ENSG00000067992	TRUE
granulocyte	ENSG00000067840	TRUE
granulocyte	ENSG00000112378	TRUE
granulocyte	ENSG00000255072	TRUE
granulocyte	ENSG00000171680	TRUE
granulocyte	ENSG00000122194	TRUE
granulocyte	ENSG00000204618	TRUE
granulocyte	ENSG00000091138	TRUE
granulocyte	ENSG00000112053	TRUE
granulocyte	ENSG00000064692	TRUE
granulocyte	ENSG00000117069	TRUE
granulocyte	ENSG00000196284	TRUE
granulocyte	ENSG00000078246	TRUE
granulocyte	ENSG00000135605	TRUE
granulocyte	ENSG00000112494	TRUE
granulocyte	ENSG00000165392	TRUE
granulocyte	ENSG00000125968	TRUE
granulocyte	ENSG00000163220	TRUE
granulocyte	ENSG00000186810	TRUE
granulocyte	ENSG00000196154	TRUE
granulocyte	ENSG00000203747	TRUE
granulocyte	ENSG00000143546	TRUE
granulocyte	ENSG00000090382	TRUE
granulocyte	ENSG00000261371	TRUE
granulocyte	ENSG00000065534	TRUE
granulocyte	ENSG00000171860	TRUE
granulocyte	ENSG00000196371	TRUE
granulocyte	ENSG00000197405	TRUE
granulocyte	ENSG00000163823	TRUE
granulocyte	ENSG00000122223	TRUE
granulocyte	ENSG00000183134	TRUE
granulocyte	ENSG00000105366	TRUE
granulocyte	ENSG00000142512	TRUE
granulocyte	ENSG00000008438	TRUE
granulocyte	ENSG00000121053	TRUE
granulocyte	ENSG00000169397	TRUE
granulocyte	ENSG00000169385	TRUE
granulocyte	ENSG00000113525	TRUE
granulocyte	ENSG00000186652	TRUE
granulocyte	ENSG00000156575	TRUE
granulocyte	ENSG00000030419	TRUE
granulocyte	ENSG00000172156	TRUE
granulocyte	ENSG00000271503	TRUE
granulocyte	ENSG00000164400	TRUE
granulocyte	ENSG00000091181	TRUE
granulocyte	ENSG00000148346	TRUE
granulocyte	ENSG00000073756	TRUE
granulocyte	ENSG00000150337	TRUE
granulocyte	ENSG00000137462	TRUE
granulocyte	ENSG00000160593	TRUE
granulocyte	ENSG00000166527	TRUE
granulocyte	ENSG00000151651	TRUE
granulocyte	ENSG00000167208	TRUE
granulocyte	ENSG00000081041	TRUE
granulocyte	ENSG00000125538	TRUE
granulocyte	ENSG00000100985	TRUE
granulocyte	ENSG00000180871	TRUE
granulocyte	ENSG00000126759	TRUE
granulocyte	ENSG00000100448	TRUE
granulocyte	ENSG00000163464	TRUE
granulocyte	ENSG00000119535	TRUE
granulocyte	ENSG00000196415	TRUE
granulocyte	ENSG00000085514	TRUE
granulocyte	ENSG00000143669	TRUE
granulocyte	ENSG00000124469	TRUE
granulocyte	ENSG00000005381	TRUE
granulocyte	ENSG00000079385	TRUE
granulocyte	ENSG00000132693	TRUE
granulocyte	ENSG00000206047	TRUE
granulocyte	ENSG00000239839	TRUE
granulocyte	ENSG00000012223	TRUE
granulocyte	ENSG00000197561	TRUE
granulocyte	ENSG00000257017	TRUE
granulocyte	ENSG00000118113	TRUE
granulocyte	ENSG00000171236	TRUE
granulocyte	ENSG00000099985	TRUE
granulocyte	ENSG00000166523	TRUE
granulocyte	ENSG00000244617	TRUE
granulocyte	ENSG00000121797	TRUE
granulocyte	ENSG00000158517	TRUE
granulocyte	ENSG00000124731	TRUE
granulocyte	ENSG00000137642	TRUE
granulocyte	ENSG00000081181	TRUE
granulocyte	ENSG00000115590	TRUE
granulocyte	ENSG00000204936	TRUE
granulocyte	ENSG00000111331	TRUE
granulocyte	ENSG00000172232	TRUE
granulocyte	ENSG00000021355	TRUE
granulocyte	ENSG00000164047	TRUE
granulocyte	ENSG00000105281	TRUE
granulocyte	ENSG00000159322	TRUE
granulocyte	ENSG00000140368	TRUE
granulocyte	ENSG00000107099	TRUE
granulocyte	ENSG00000162711	TRUE
innate lymphoid cell	ENSG00000118520	FALSE
innate lymphoid cell	ENSG00000107317	FALSE
innate lymphoid cell	ENSG00000113525	FALSE
innate lymphoid cell	ENSG00000115602	FALSE
innate lymphoid cell	ENSG00000107485	FALSE
innate lymphoid cell	ENSG00000069667	FALSE
innate lymphoid cell	ENSG00000163600	FALSE
innate lymphoid cell	ENSG00000056736	FALSE
innate lymphoid cell	ENSG00000168685	FALSE
innate lymphoid cell	ENSG00000205755	FALSE
innate lymphoid cell	ENSG00000127152	FALSE
innate lymphoid cell	ENSG00000169194	FALSE
lymphocyte of B lineage	ENSG00000116824	TRUE
lymphocyte of B lineage	ENSG00000110448	TRUE
lymphocyte of B lineage	ENSG00000156738	TRUE
lymphocyte of B lineage	ENSG00000117322	TRUE
lymphocyte of B lineage	ENSG00000012124	TRUE
lymphocyte of B lineage	ENSG00000104921	TRUE
lymphocyte of B lineage	ENSG00000101017	TRUE
lymphocyte of B lineage	ENSG00000110848	TRUE
lymphocyte of B lineage	ENSG00000125726	TRUE
lymphocyte of B lineage	ENSG00000105369	TRUE
lymphocyte of B lineage	ENSG00000007312	TRUE
lymphocyte of B lineage	ENSG00000121594	TRUE
lymphocyte of B lineage	ENSG00000114013	TRUE
lymphocyte of B lineage	ENSG00000049249	TRUE
lymphocyte of B lineage	ENSG00000115884	TRUE
lymphocyte of B lineage	ENSG00000117586	TRUE
lymphocyte of B lineage	ENSG00000240505	TRUE
lymphocyte of B lineage	ENSG00000159958	TRUE
lymphocyte of B lineage	ENSG00000188389	TRUE
lymphocyte of B lineage	ENSG00000211898	TRUE
lymphocyte of B lineage	ENSG00000211899	TRUE
lymphocyte of B lineage	ENSG00000152689	TRUE
lymphocyte of B lineage	ENSG00000204287	TRUE
lymphocyte of B lineage	ENSG00000227507	TRUE
lymphocyte of B lineage	ENSG00000196735	TRUE
lymphocyte of B lineage	ENSG00000151702	TRUE
lymphocyte of B lineage	ENSG00000170458	TRUE
lymphocyte of B lineage	ENSG00000137872	TRUE
lymphocyte of B lineage	ENSG00000167613	TRUE
lymphocyte of B lineage	ENSG00000119917	TRUE
lymphocyte of B lineage	ENSG00000128322	TRUE
lymphocyte of B lineage	ENSG00000107447	TRUE
lymphocyte of B lineage	ENSG00000196549	TRUE
lymphocyte of B lineage	ENSG00000197471	TRUE
lymphocyte of B lineage	ENSG00000177455	TRUE
lymphocyte of B lineage	ENSG00000272398	TRUE
lymphocyte of B lineage	ENSG00000139193	TRUE
lymphocyte of B lineage	ENSG00000109956	TRUE
lymphocyte of B lineage	ENSG00000137101	TRUE
lymphocyte of B lineage	ENSG00000196092	TRUE
lymphocyte of B lineage	ENSG00000132465	TRUE
lymphocyte of B lineage	ENSG00000170476	TRUE
lymphocyte of B lineage	ENSG00000167656	TRUE
lymphocyte of B lineage	ENSG00000162894	TRUE
lymphocyte of B lineage	ENSG00000153064	TRUE
lymphocyte of B lineage	ENSG00000134109	TRUE
lymphocyte of B lineage	ENSG00000128218	TRUE
lymphocyte of B lineage	ENSG00000110777	TRUE
lymphocyte of B lineage	ENSG00000184164	TRUE
lymphocyte of B lineage	ENSG00000099958	TRUE
lymphocyte of B lineage	ENSG00000116191	TRUE
lymphocyte of B lineage	ENSG00000137478	TRUE
lymphocyte of B lineage	ENSG00000175482	TRUE
lymphocyte of B lineage	ENSG00000048462	TRUE
lymphocyte of B lineage	ENSG00000122986	TRUE
lymphocyte of B lineage	ENSG00000132185	TRUE
lymphocyte of B lineage	ENSG00000088298	TRUE
lymphocyte of B lineage	ENSG00000095585	TRUE
lymphocyte of B lineage	ENSG00000153066	TRUE
lymphocyte of B lineage	ENSG00000186265	TRUE
lymphocyte of B lineage	ENSG00000084070	TRUE
lymphocyte of B lineage	ENSG00000134285	TRUE
lymphocyte of B lineage	ENSG00000058262	TRUE
lymphocyte of B lineage	ENSG00000129128	TRUE
lymphocyte of B lineage	ENSG00000269404	TRUE
lymphocyte of B lineage	ENSG00000145088	TRUE
lymphocyte of B lineage	ENSG00000121966	TRUE
lymphocyte of B lineage	ENSG00000023445	TRUE
lymphocyte of B lineage	ENSG00000211677	TRUE
lymphocyte of B lineage	ENSG00000211679	TRUE
lymphocyte of B lineage	ENSG00000211675	TRUE
lymphocyte of B lineage	ENSG00000103522	TRUE
lymphocyte of B lineage	ENSG00000211592	TRUE
lymphocyte of B lineage	ENSG00000169575	TRUE
lymphocyte of B lineage	ENSG00000172578	TRUE
lymphocyte of B lineage	ENSG00000162739	TRUE
lymphocyte of B lineage	ENSG00000109743	TRUE
lymphocyte of B lineage	ENSG00000204410	TRUE
lymphocyte of B lineage	ENSG00000146094	TRUE
lymphocyte of B lineage	ENSG00000112182	TRUE
lymphocyte of B lineage	ENSG00000168297	TRUE
lymphocyte of B lineage	ENSG00000211896	TRUE
lymphocyte of B lineage	ENSG00000211897	TRUE
lymphocyte of B lineage	ENSG00000211892	TRUE
lymphocyte of B lineage	ENSG00000004468	TRUE
lymphocyte of B lineage	ENSG00000081237	TRUE
lymphocyte of B lineage	ENSG00000164330	TRUE
lymphocyte of B lineage	ENSG00000119866	TRUE
lymphocyte of B lineage	ENSG00000126353	TRUE
lymphocyte of B lineage	ENSG00000196352	TRUE
lymphocyte of B lineage	ENSG00000019582	TRUE
lymphocyte of B lineage	ENSG00000169442	TRUE
lymphocyte of B lineage	ENSG00000239732	TRUE
lymphocyte of B lineage	ENSG00000133789	TRUE
lymphocyte of B lineage	ENSG00000137309	TRUE
lymphocyte of B lineage	ENSG00000066294	TRUE
lymphocyte of B lineage	ENSG00000135318	TRUE
lymphocyte of B lineage	ENSG00000042980	TRUE
lymphocyte of B lineage	ENSG00000163568	TRUE
lymphocyte of B lineage	ENSG00000012779	TRUE
lymphocyte of B lineage	ENSG00000136573	TRUE
lymphocyte of B lineage	ENSG00000112486	TRUE
lymphocyte of B lineage	ENSG00000134061	TRUE
lymphocyte of B lineage	ENSG00000158481	TRUE
lymphocyte of B lineage	ENSG00000104894	TRUE
lymphocyte of B lineage	ENSG00000153923	TRUE
lymphocyte of B lineage	ENSG00000160683	TRUE
lymphocyte of B lineage	ENSG00000170456	TRUE
lymphocyte of B lineage	ENSG00000072694	TRUE
lymphocyte of B lineage	ENSG00000132704	TRUE
lymphocyte of B lineage	ENSG00000111816	TRUE
lymphocyte of B lineage	ENSG00000176533	TRUE
lymphocyte of B lineage	ENSG00000125245	TRUE
lymphocyte of B lineage	ENSG00000228315	TRUE
lymphocyte of B lineage	ENSG00000152804	TRUE
lymphocyte of B lineage	ENSG00000241106	TRUE
lymphocyte of B lineage	ENSG00000186803	TRUE
lymphocyte of B lineage	ENSG00000206066	TRUE
lymphocyte of B lineage	ENSG00000104432	TRUE
lymphocyte of B lineage	ENSG00000140968	TRUE
lymphocyte of B lineage	ENSG00000112799	TRUE
lymphocyte of B lineage	ENSG00000165471	TRUE
lymphocyte of B lineage	ENSG00000135577	TRUE
lymphocyte of B lineage	ENSG00000196436	TRUE
lymphocyte of B lineage	ENSG00000083454	TRUE
lymphocyte of B lineage	ENSG00000168081	TRUE
lymphocyte of B lineage	ENSG00000213402	TRUE
lymphocyte of B lineage	ENSG00000068831	TRUE
lymphocyte of B lineage	ENSG00000142178	TRUE
lymphocyte of B lineage	ENSG00000137078	TRUE
lymphocyte of B lineage	ENSG00000074803	TRUE
lymphocyte of B lineage	ENSG00000079263	TRUE
lymphocyte of B lineage	ENSG00000035720	TRUE
lymphocyte of B lineage	ENSG00000121895	TRUE
lymphocyte of B lineage	ENSG00000076604	TRUE
lymphocyte of B lineage	ENSG00000011590	TRUE
lymphocyte of B lineage	ENSG00000134460	TRUE
lymphocyte of B lineage	ENSG00000005471	TRUE
lymphocyte of B lineage	ENSG00000110987	TRUE
lymphocyte of B lineage	ENSG00000162373	TRUE
lymphocyte of B lineage	ENSG00000157764	TRUE
lymphocyte of B lineage	ENSG00000077238	TRUE
lymphocyte of B lineage	ENSG00000112818	TRUE
lymphocyte of B lineage	ENSG00000243156	TRUE
lymphocyte of B lineage	ENSG00000174944	TRUE
lymphocyte of B lineage	ENSG00000242221	TRUE
lymphocyte of B lineage	ENSG00000188404	TRUE
lymphocyte of B lineage	ENSG00000100721	TRUE
lymphocyte of B lineage	ENSG00000242366	TRUE
lymphocyte of B lineage	ENSG00000187607	TRUE
lymphocyte of B lineage	ENSG00000106952	TRUE
lymphocyte of B lineage	ENSG00000114861	TRUE
lymphocyte of B lineage	ENSG00000187098	TRUE
lymphocyte of B lineage	ENSG00000179344	TRUE
lymphocyte of B lineage	ENSG00000247982	TRUE
lymphocyte of B lineage	ENSG00000066923	TRUE
lymphocyte of B lineage	ENSG00000125810	TRUE
lymphocyte of B lineage	ENSG00000010278	TRUE
lymphocyte of B lineage	ENSG00000100453	TRUE
lymphocyte of B lineage	ENSG00000143839	TRUE
lymphocyte of B lineage	ENSG00000110079	TRUE
lymphocyte of B lineage	ENSG00000127074	TRUE
lymphocyte of B lineage	ENSG00000137265	TRUE
lymphocyte of B lineage	ENSG00000057657	TRUE
lymphocyte of B lineage	ENSG00000197594	TRUE
lymphocyte of B lineage	ENSG00000136826	TRUE
lymphocyte of B lineage	ENSG00000033800	TRUE
lymphocyte of B lineage	ENSG00000172115	TRUE
lymphocyte of B lineage	ENSG00000184047	TRUE
lymphocyte of B lineage	ENSG00000115317	TRUE
lymphocyte of B lineage	ENSG00000184451	TRUE
lymphocyte of B lineage	ENSG00000150967	TRUE
lymphocyte of B lineage	ENSG00000116748	TRUE
lymphocyte of B lineage	ENSG00000101280	TRUE
lymphocyte of B lineage	ENSG00000230223	TRUE
lymphocyte of B lineage	ENSG00000170128	TRUE
lymphocyte of B lineage	ENSG00000211891	TRUE
lymphocyte of B lineage	ENSG00000177272	TRUE
lymphocyte of B lineage	ENSG00000178342	TRUE
lymphocyte of B lineage	ENSG00000203896	TRUE
lymphocyte of B lineage	ENSG00000111885	TRUE
lymphocyte of B lineage	ENSG00000172469	TRUE
lymphocyte of B lineage	ENSG00000105613	TRUE
lymphocyte of B lineage	ENSG00000184313	TRUE
lymphocyte of B lineage	ENSG00000009709	TRUE
lymphocyte of B lineage	ENSG00000152256	TRUE
lymphocyte of B lineage	ENSG00000225093	TRUE
lymphocyte of B lineage	ENSG00000061656	TRUE
lymphocyte of B lineage	ENSG00000136840	TRUE
lymphocyte of B lineage	ENSG00000104055	TRUE
lymphocyte of B lineage	ENSG00000197888	TRUE
lymphocyte of B lineage	ENSG00000124256	TRUE
lymphocyte of B lineage	ENSG00000197279	TRUE
lymphocyte of B lineage	ENSG00000211893	TRUE
lymphocyte of B lineage	ENSG00000253755	TRUE
lymphocyte of B lineage	ENSG00000211895	TRUE
lymphocyte of B lineage	ENSG00000211890	TRUE
lymphocyte of B lineage	ENSG00000211673	TRUE
lymphocyte of B lineage	ENSG00000211685	TRUE
lymphocyte of B lineage	ENSG00000180879	TRUE
lymphocyte of B lineage	ENSG00000172349	TRUE
lymphocyte of B lineage	ENSG00000180535	TRUE
lymphocyte of B lineage	ENSG00000166794	TRUE
macrophage	ENSG00000121594	TRUE
macrophage	ENSG00000114013	TRUE
macrophage	ENSG00000170458	TRUE
macrophage	ENSG00000177455	TRUE
macrophage	ENSG00000126353	TRUE
macrophage	ENSG00000019582	TRUE
macrophage	ENSG00000134061	TRUE
macrophage	ENSG00000183625	TRUE
macrophage	ENSG00000136869	TRUE
macrophage	ENSG00000005844	TRUE
macrophage	ENSG00000169896	TRUE
macrophage	ENSG00000140678	TRUE
macrophage	ENSG00000277632	TRUE
macrophage	ENSG00000105383	TRUE
macrophage	ENSG00000112149	TRUE
macrophage	ENSG00000095970	TRUE
macrophage	ENSG00000170323	TRUE
macrophage	ENSG00000132514	TRUE
macrophage	ENSG00000163687	TRUE
macrophage	ENSG00000177575	TRUE
macrophage	ENSG00000155659	TRUE
macrophage	ENSG00000119508	TRUE
macrophage	ENSG00000102962	TRUE
macrophage	ENSG00000026751	TRUE
macrophage	ENSG00000161921	TRUE
macrophage	ENSG00000161929	TRUE
macrophage	ENSG00000146192	TRUE
macrophage	ENSG00000276600	TRUE
macrophage	ENSG00000138744	TRUE
macrophage	ENSG00000010704	TRUE
macrophage	ENSG00000121807	TRUE
macrophage	ENSG00000183484	TRUE
macrophage	ENSG00000196154	TRUE
macrophage	ENSG00000172243	TRUE
macrophage	ENSG00000204472	TRUE
macrophage	ENSG00000174837	TRUE
macrophage	ENSG00000168329	TRUE
macrophage	ENSG00000203747	TRUE
macrophage	ENSG00000153071	TRUE
macrophage	ENSG00000143546	TRUE
macrophage	ENSG00000131981	TRUE
macrophage	ENSG00000018280	TRUE
macrophage	ENSG00000162692	TRUE
macrophage	ENSG00000118257	TRUE
macrophage	ENSG00000135218	TRUE
macrophage	ENSG00000133800	TRUE
macrophage	ENSG00000010327	TRUE
macrophage	ENSG00000163739	TRUE
macrophage	ENSG00000171860	TRUE
macrophage	ENSG00000196371	TRUE
macrophage	ENSG00000197405	TRUE
macrophage	ENSG00000271503	TRUE
macrophage	ENSG00000150337	TRUE
macrophage	ENSG00000186818	TRUE
macrophage	ENSG00000160791	TRUE
macrophage	ENSG00000137462	TRUE
macrophage	ENSG00000171659	TRUE
macrophage	ENSG00000135678	TRUE
macrophage	ENSG00000133063	TRUE
macrophage	ENSG00000124491	TRUE
macrophage	ENSG00000106799	TRUE
macrophage	ENSG00000162723	TRUE
macrophage	ENSG00000187116	TRUE
macrophage	ENSG00000260314	TRUE
macrophage	ENSG00000173193	TRUE
macrophage	ENSG00000168214	TRUE
macrophage	ENSG00000137491	TRUE
macrophage	ENSG00000129521	TRUE
macrophage	ENSG00000160593	TRUE
macrophage	ENSG00000127951	TRUE
macrophage	ENSG00000136235	TRUE
macrophage	ENSG00000166527	TRUE
macrophage	ENSG00000151651	TRUE
macrophage	ENSG00000152213	TRUE
macrophage	ENSG00000262406	TRUE
macrophage	ENSG00000100979	TRUE
macrophage	ENSG00000110079	TRUE
macrophage	ENSG00000110077	TRUE
macrophage	ENSG00000171051	TRUE
macrophage	ENSG00000130513	TRUE
macrophage	ENSG00000139832	TRUE
macrophage	ENSG00000232810	TRUE
macrophage	ENSG00000167208	TRUE
macrophage	ENSG00000184922	TRUE
macrophage	ENSG00000144959	TRUE
macrophage	ENSG00000106178	TRUE
macrophage	ENSG00000167851	TRUE
macrophage	ENSG00000081041	TRUE
macrophage	ENSG00000108688	TRUE
macrophage	ENSG00000108691	TRUE
macrophage	ENSG00000125538	TRUE
macrophage	ENSG00000128604	TRUE
macrophage	ENSG00000106546	TRUE
macrophage	ENSG00000136286	TRUE
macrophage	ENSG00000138166	TRUE
macrophage	ENSG00000174946	TRUE
macrophage	ENSG00000155307	TRUE
macrophage	ENSG00000100985	TRUE
macrophage	ENSG00000135245	TRUE
macrophage	ENSG00000134955	TRUE
macrophage	ENSG00000143387	TRUE
macrophage	ENSG00000087253	TRUE
macrophage	ENSG00000163106	TRUE
macrophage	ENSG00000159110	TRUE
macrophage	ENSG00000166927	TRUE
macrophage	ENSG00000164120	TRUE
macrophage	ENSG00000073754	TRUE
macrophage	ENSG00000100055	TRUE
macrophage	ENSG00000198851	TRUE
macrophage	ENSG00000182578	TRUE
macrophage	ENSG00000129226	TRUE
macrophage	ENSG00000175567	TRUE
macrophage	ENSG00000188056	TRUE
macrophage	ENSG00000000938	TRUE
macrophage	ENSG00000165168	TRUE
macrophage	ENSG00000091972	TRUE
macrophage	ENSG00000163606	TRUE
macrophage	ENSG00000141448	TRUE
macrophage	ENSG00000132170	TRUE
macrophage	ENSG00000011600	TRUE
macrophage	ENSG00000090104	TRUE
macrophage	ENSG00000171631	TRUE
macrophage	ENSG00000178573	TRUE
macrophage	ENSG00000123146	TRUE
macrophage	ENSG00000110446	TRUE
macrophage	ENSG00000135929	TRUE
macrophage	ENSG00000155465	TRUE
macrophage	ENSG00000020633	TRUE
macrophage	ENSG00000165025	TRUE
macrophage	ENSG00000025434	TRUE
macrophage	ENSG00000153208	TRUE
macrophage	ENSG00000100292	TRUE
macrophage	ENSG00000166211	TRUE
macrophage	ENSG00000138449	TRUE
macrophage	ENSG00000088827	TRUE
mature alpha-beta T cell	ENSG00000117586	TRUE
mature alpha-beta T cell	ENSG00000188389	TRUE
mature alpha-beta T cell	ENSG00000121966	TRUE
mature alpha-beta T cell	ENSG00000066294	TRUE
mature alpha-beta T cell	ENSG00000160683	TRUE
mature alpha-beta T cell	ENSG00000026508	TRUE
mature alpha-beta T cell	ENSG00000026751	TRUE
mature alpha-beta T cell	ENSG00000100453	TRUE
mature alpha-beta T cell	ENSG00000180644	TRUE
mature alpha-beta T cell	ENSG00000091972	TRUE
mature alpha-beta T cell	ENSG00000117090	TRUE
mature alpha-beta T cell	ENSG00000107485	TRUE
mature alpha-beta T cell	ENSG00000081985	TRUE
mature alpha-beta T cell	ENSG00000177663	TRUE
mature alpha-beta T cell	ENSG00000096996	TRUE
mature alpha-beta T cell	ENSG00000111796	TRUE
mature alpha-beta T cell	ENSG00000069667	TRUE
mature alpha-beta T cell	ENSG00000160255	TRUE
mature alpha-beta T cell	ENSG00000120738	TRUE
mature alpha-beta T cell	ENSG00000107968	TRUE
mature alpha-beta T cell	ENSG00000123358	TRUE
mature alpha-beta T cell	ENSG00000120949	TRUE
mature alpha-beta T cell	ENSG00000100385	TRUE
mature alpha-beta T cell	ENSG00000109906	TRUE
mature alpha-beta T cell	ENSG00000073861	TRUE
mature alpha-beta T cell	ENSG00000149294	TRUE
mature alpha-beta T cell	ENSG00000170989	TRUE
mature alpha-beta T cell	ENSG00000060140	TRUE
mature alpha-beta T cell	ENSG00000081059	TRUE
mature alpha-beta T cell	ENSG00000163600	TRUE
mature alpha-beta T cell	ENSG00000010610	TRUE
mature alpha-beta T cell	ENSG00000167286	TRUE
mature alpha-beta T cell	ENSG00000113916	TRUE
mature alpha-beta T cell	ENSG00000160712	TRUE
mature alpha-beta T cell	ENSG00000102245	TRUE
mature alpha-beta T cell	ENSG00000089041	TRUE
mature B cell	ENSG00000116824	TRUE
mature B cell	ENSG00000156738	TRUE
mature B cell	ENSG00000117322	TRUE
mature B cell	ENSG00000012124	TRUE
mature B cell	ENSG00000104921	TRUE
mature B cell	ENSG00000110848	TRUE
mature B cell	ENSG00000105369	TRUE
mature B cell	ENSG00000007312	TRUE
mature B cell	ENSG00000121594	TRUE
mature B cell	ENSG00000114013	TRUE
mature B cell	ENSG00000240505	TRUE
mature B cell	ENSG00000159958	TRUE
mature B cell	ENSG00000211898	TRUE
mature B cell	ENSG00000211899	TRUE
mature B cell	ENSG00000227507	TRUE
mature B cell	ENSG00000196549	TRUE
mature B cell	ENSG00000177455	TRUE
mature B cell	ENSG00000139193	TRUE
mature B cell	ENSG00000137101	TRUE
mature B cell	ENSG00000196092	TRUE
mature B cell	ENSG00000153064	TRUE
mature B cell	ENSG00000128218	TRUE
mature B cell	ENSG00000116191	TRUE
mature B cell	ENSG00000048462	TRUE
mature B cell	ENSG00000269404	TRUE
mature B cell	ENSG00000145088	TRUE
mature B cell	ENSG00000023445	TRUE
mature B cell	ENSG00000211592	TRUE
mature B cell	ENSG00000112182	TRUE
mature B cell	ENSG00000004468	TRUE
mature B cell	ENSG00000081237	TRUE
mature B cell	ENSG00000019582	TRUE
mature B cell	ENSG00000169442	TRUE
mature B cell	ENSG00000066294	TRUE
mature B cell	ENSG00000135318	TRUE
mature B cell	ENSG00000042980	TRUE
mature B cell	ENSG00000163568	TRUE
mature B cell	ENSG00000012779	TRUE
mature B cell	ENSG00000136573	TRUE
mature B cell	ENSG00000112486	TRUE
mature B cell	ENSG00000134061	TRUE
mature B cell	ENSG00000158481	TRUE
mature B cell	ENSG00000104894	TRUE
mature B cell	ENSG00000153923	TRUE
mature B cell	ENSG00000160683	TRUE
mature B cell	ENSG00000170456	TRUE
mature B cell	ENSG00000072694	TRUE
mature B cell	ENSG00000132704	TRUE
mature B cell	ENSG00000111816	TRUE
mature B cell	ENSG00000176533	TRUE
mature B cell	ENSG00000125245	TRUE
mature B cell	ENSG00000228315	TRUE
mature B cell	ENSG00000152804	TRUE
mature B cell	ENSG00000241106	TRUE
mature B cell	ENSG00000186803	TRUE
mature B cell	ENSG00000206066	TRUE
mature B cell	ENSG00000104432	TRUE
mature B cell	ENSG00000140968	TRUE
mature B cell	ENSG00000112799	TRUE
mature B cell	ENSG00000165471	TRUE
mature B cell	ENSG00000135577	TRUE
mature B cell	ENSG00000196436	TRUE
mature B cell	ENSG00000083454	TRUE
mature B cell	ENSG00000168081	TRUE
mature B cell	ENSG00000213402	TRUE
mature B cell	ENSG00000068831	TRUE
mature B cell	ENSG00000142178	TRUE
mature B cell	ENSG00000137078	TRUE
mature B cell	ENSG00000074803	TRUE
mature B cell	ENSG00000079263	TRUE
mature B cell	ENSG00000035720	TRUE
mature B cell	ENSG00000121895	TRUE
mature B cell	ENSG00000076604	TRUE
mature B cell	ENSG00000011590	TRUE
mature B cell	ENSG00000134460	TRUE
mature B cell	ENSG00000005471	TRUE
mature B cell	ENSG00000110987	TRUE
mature B cell	ENSG00000162373	TRUE
mature B cell	ENSG00000157764	TRUE
mature B cell	ENSG00000077238	TRUE
mature B cell	ENSG00000112818	TRUE
mature B cell	ENSG00000243156	TRUE
mature B cell	ENSG00000174944	TRUE
mature B cell	ENSG00000242221	TRUE
mature B cell	ENSG00000188404	TRUE
mature B cell	ENSG00000100721	TRUE
mature B cell	ENSG00000242366	TRUE
mature B cell	ENSG00000187607	TRUE
mature B cell	ENSG00000106952	TRUE
mature B cell	ENSG00000114861	TRUE
mature B cell	ENSG00000187098	TRUE
mature B cell	ENSG00000179344	TRUE
mature B cell	ENSG00000247982	TRUE
mature B cell	ENSG00000066923	TRUE
mature T cell	ENSG00000116824	TRUE
mature T cell	ENSG00000110448	TRUE
mature T cell	ENSG00000110848	TRUE
mature T cell	ENSG00000117586	TRUE
mature T cell	ENSG00000188389	TRUE
mature T cell	ENSG00000227507	TRUE
mature T cell	ENSG00000139193	TRUE
mature T cell	ENSG00000121966	TRUE
mature T cell	ENSG00000004468	TRUE
mature T cell	ENSG00000081237	TRUE
mature T cell	ENSG00000126353	TRUE
mature T cell	ENSG00000066294	TRUE
mature T cell	ENSG00000135318	TRUE
mature T cell	ENSG00000112486	TRUE
mature T cell	ENSG00000160683	TRUE
mature T cell	ENSG00000213402	TRUE
mature T cell	ENSG00000134460	TRUE
mature T cell	ENSG00000188404	TRUE
mature T cell	ENSG00000183625	TRUE
mature T cell	ENSG00000139626	TRUE
mature T cell	ENSG00000113520	TRUE
mature T cell	ENSG00000026508	TRUE
mature T cell	ENSG00000136244	TRUE
mature T cell	ENSG00000163220	TRUE
mature T cell	ENSG00000026751	TRUE
mature T cell	ENSG00000083457	TRUE
mature T cell	ENSG00000197635	TRUE
mature T cell	ENSG00000186810	TRUE
mature T cell	ENSG00000153563	TRUE
mature T cell	ENSG00000143546	TRUE
mature T cell	ENSG00000178562	TRUE
mature T cell	ENSG00000133574	TRUE
mature T cell	ENSG00000138795	TRUE
mature T cell	ENSG00000163823	TRUE
mature T cell	ENSG00000183134	TRUE
mature T cell	ENSG00000113525	TRUE
mature T cell	ENSG00000030419	TRUE
mature T cell	ENSG00000164400	TRUE
mature T cell	ENSG00000100453	TRUE
mature T cell	ENSG00000105374	TRUE
mature T cell	ENSG00000180644	TRUE
mature T cell	ENSG00000134539	TRUE
mature T cell	ENSG00000198821	TRUE
mature T cell	ENSG00000173762	TRUE
mature T cell	ENSG00000160791	TRUE
mature T cell	ENSG00000232810	TRUE
mature T cell	ENSG00000106546	TRUE
mature T cell	ENSG00000163106	TRUE
mature T cell	ENSG00000198851	TRUE
mature T cell	ENSG00000091972	TRUE
mature T cell	ENSG00000132170	TRUE
mature T cell	ENSG00000178573	TRUE
mature T cell	ENSG00000112115	TRUE
mature T cell	ENSG00000115602	TRUE
mature T cell	ENSG00000213658	TRUE
mature T cell	ENSG00000117090	TRUE
mature T cell	ENSG00000107485	TRUE
mature T cell	ENSG00000102575	TRUE
mature T cell	ENSG00000081985	TRUE
mature T cell	ENSG00000177663	TRUE
mature T cell	ENSG00000096996	TRUE
mature T cell	ENSG00000111796	TRUE
mature T cell	ENSG00000069667	TRUE
mature T cell	ENSG00000160255	TRUE
mature T cell	ENSG00000120738	TRUE
mature T cell	ENSG00000107968	TRUE
mature T cell	ENSG00000123358	TRUE
mature T cell	ENSG00000120949	TRUE
mature T cell	ENSG00000100385	TRUE
mature T cell	ENSG00000109906	TRUE
mature T cell	ENSG00000073861	TRUE
mature T cell	ENSG00000149294	TRUE
mature T cell	ENSG00000170989	TRUE
mature T cell	ENSG00000060140	TRUE
mature T cell	ENSG00000081059	TRUE
mature T cell	ENSG00000115590	TRUE
mature T cell	ENSG00000160654	TRUE
mature T cell	ENSG00000115604	TRUE
mature T cell	ENSG00000111537	TRUE
mature T cell	ENSG00000163600	TRUE
mature T cell	ENSG00000056736	TRUE
mature T cell	ENSG00000168685	TRUE
mature T cell	ENSG00000169194	TRUE
mature T cell	ENSG00000137265	TRUE
mature T cell	ENSG00000197594	TRUE
mature T cell	ENSG00000184451	TRUE
mature T cell	ENSG00000010610	TRUE
mature T cell	ENSG00000082781	TRUE
mature T cell	ENSG00000110195	TRUE
mature T cell	ENSG00000167286	TRUE
mature T cell	ENSG00000172215	TRUE
mature T cell	ENSG00000182568	TRUE
mature T cell	ENSG00000211772	TRUE
mature T cell	ENSG00000277734	TRUE
mature T cell	ENSG00000211751	TRUE
mature T cell	ENSG00000171791	TRUE
mature T cell	ENSG00000089692	TRUE
mature T cell	ENSG00000168421	TRUE
mature T cell	ENSG00000186827	TRUE
mature T cell	ENSG00000182866	TRUE
mature T cell	ENSG00000141293	TRUE
mature T cell	ENSG00000113916	TRUE
mature T cell	ENSG00000160712	TRUE
mature T cell	ENSG00000102245	TRUE
mature T cell	ENSG00000089041	TRUE
mature T cell	ENSG00000109471	TRUE
mature T cell	ENSG00000120659	TRUE
mature T cell	ENSG00000135077	TRUE
mature T cell	ENSG00000111321	TRUE
mature T cell	ENSG00000226979	TRUE
mature T cell	ENSG00000136634	TRUE
mature T cell	ENSG00000179934	TRUE
mature T cell	ENSG00000113249	TRUE
mature T cell	ENSG00000166888	TRUE
mature T cell	ENSG00000112116	TRUE
mature T cell	ENSG00000138684	TRUE
mature T cell	ENSG00000127318	TRUE
mature T cell	ENSG00000143365	TRUE
mature T cell	ENSG00000183813	TRUE
mature T cell	ENSG00000145839	TRUE
mature T cell	ENSG00000049768	TRUE
mature T cell	ENSG00000101096	TRUE
mature T cell	ENSG00000109320	TRUE
mature T cell	ENSG00000113580	TRUE
mature T cell	ENSG00000100351	TRUE
mature T cell	ENSG00000175463	TRUE
mature T cell	ENSG00000115165	TRUE
mature T cell	ENSG00000186432	TRUE
mature T cell	ENSG00000133106	TRUE
mature T cell	ENSG00000077420	TRUE
mature T cell	ENSG00000213203	TRUE
mature T cell	ENSG00000185811	TRUE
mature T cell	ENSG00000067066	TRUE
mature T cell	ENSG00000065357	TRUE
mature T cell	ENSG00000110934	TRUE
mature T cell	ENSG00000158987	TRUE
mature T cell	ENSG00000076928	TRUE
mature T cell	ENSG00000075884	TRUE
mature T cell	ENSG00000180448	TRUE
mature T cell	ENSG00000138185	TRUE
mature T cell	ENSG00000163599	TRUE
mature T cell	ENSG00000183560	TRUE
mature T cell	ENSG00000070729	TRUE
mature T cell	ENSG00000186891	TRUE
mature T cell	ENSG00000115594	TRUE
mature T cell	ENSG00000105855	TRUE
mature T cell	ENSG00000137507	TRUE
megakaryocyte	ENSG00000151702	FALSE
megakaryocyte	ENSG00000121966	FALSE
megakaryocyte	ENSG00000103522	FALSE
megakaryocyte	ENSG00000239732	FALSE
megakaryocyte	ENSG00000134460	FALSE
megakaryocyte	ENSG00000179348	FALSE
megakaryocyte	ENSG00000136244	FALSE
megakaryocyte	ENSG00000163220	FALSE
megakaryocyte	ENSG00000143546	FALSE
megakaryocyte	ENSG00000261371	FALSE
megakaryocyte	ENSG00000259207	FALSE
megakaryocyte	ENSG00000110799	FALSE
megakaryocyte	ENSG00000117707	FALSE
megakaryocyte	ENSG00000010278	FALSE
megakaryocyte	ENSG00000159674	FALSE
megakaryocyte	ENSG00000124491	FALSE
megakaryocyte	ENSG00000132170	FALSE
megakaryocyte	ENSG00000180871	FALSE
megakaryocyte	ENSG00000087085	FALSE
megakaryocyte	ENSG00000115956	FALSE
megakaryocyte	ENSG00000185245	FALSE
megakaryocyte	ENSG00000005961	FALSE
megakaryocyte	ENSG00000117400	FALSE
megakaryocyte	ENSG00000213658	FALSE
megakaryocyte	ENSG00000163737	FALSE
megakaryocyte	ENSG00000187266	FALSE
megakaryocyte	ENSG00000178732	FALSE
megakaryocyte	ENSG00000163464	FALSE
megakaryocyte	ENSG00000117090	FALSE
megakaryocyte	ENSG00000133256	FALSE
megakaryocyte	ENSG00000007264	FALSE
megakaryocyte	ENSG00000170759	FALSE
megakaryocyte	ENSG00000102145	FALSE
megakaryocyte	ENSG00000102003	FALSE
megakaryocyte	ENSG00000011105	FALSE
megakaryocyte	ENSG00000150681	FALSE
megakaryocyte	ENSG00000161911	FALSE
megakaryocyte	ENSG00000108839	FALSE
megakaryocyte	ENSG00000174175	FALSE
megakaryocyte	ENSG00000131196	FALSE
megakaryocyte	ENSG00000185043	FALSE
megakaryocyte	ENSG00000173846	FALSE
megakaryocyte	ENSG00000197063	FALSE
megakaryocyte	ENSG00000123384	FALSE
megakaryocyte	ENSG00000112715	FALSE
megakaryocyte	ENSG00000105329	FALSE
megakaryocyte	ENSG00000169704	FALSE
memory B cell	ENSG00000156738	TRUE
memory B cell	ENSG00000117322	TRUE
memory B cell	ENSG00000012124	TRUE
memory B cell	ENSG00000110848	TRUE
memory B cell	ENSG00000105369	TRUE
memory B cell	ENSG00000007312	TRUE
memory B cell	ENSG00000121594	TRUE
memory B cell	ENSG00000114013	TRUE
memory B cell	ENSG00000240505	TRUE
memory B cell	ENSG00000211898	TRUE
memory B cell	ENSG00000211899	TRUE
memory B cell	ENSG00000227507	TRUE
memory B cell	ENSG00000177455	TRUE
memory B cell	ENSG00000139193	TRUE
memory B cell	ENSG00000137101	TRUE
memory B cell	ENSG00000196092	TRUE
memory B cell	ENSG00000153064	TRUE
memory B cell	ENSG00000128218	TRUE
memory B cell	ENSG00000116191	TRUE
memory B cell	ENSG00000048462	TRUE
memory B cell	ENSG00000269404	TRUE
memory B cell	ENSG00000211592	TRUE
memory B cell	ENSG00000112182	TRUE
memory B cell	ENSG00000004468	TRUE
memory B cell	ENSG00000081237	TRUE
memory B cell	ENSG00000066294	TRUE
memory B cell	ENSG00000135318	TRUE
memory B cell	ENSG00000042980	TRUE
memory B cell	ENSG00000163568	TRUE
memory B cell	ENSG00000012779	TRUE
memory B cell	ENSG00000136573	TRUE
memory B cell	ENSG00000112486	TRUE
memory B cell	ENSG00000134061	TRUE
memory B cell	ENSG00000158481	TRUE
memory B cell	ENSG00000104894	TRUE
memory B cell	ENSG00000153923	TRUE
memory B cell	ENSG00000160683	TRUE
memory B cell	ENSG00000170456	TRUE
memory B cell	ENSG00000072694	TRUE
memory B cell	ENSG00000132704	TRUE
memory B cell	ENSG00000111816	TRUE
memory B cell	ENSG00000176533	TRUE
memory B cell	ENSG00000125245	TRUE
memory B cell	ENSG00000228315	TRUE
memory B cell	ENSG00000152804	TRUE
memory B cell	ENSG00000241106	TRUE
memory B cell	ENSG00000186803	TRUE
memory B cell	ENSG00000206066	TRUE
memory B cell	ENSG00000104432	TRUE
memory B cell	ENSG00000140968	TRUE
memory B cell	ENSG00000112799	TRUE
memory B cell	ENSG00000165471	TRUE
memory B cell	ENSG00000135577	TRUE
memory B cell	ENSG00000196436	TRUE
memory B cell	ENSG00000083454	TRUE
memory B cell	ENSG00000168081	TRUE
memory B cell	ENSG00000213402	TRUE
memory B cell	ENSG00000068831	TRUE
memory B cell	ENSG00000142178	TRUE
memory B cell	ENSG00000137078	TRUE
memory B cell	ENSG00000074803	TRUE
memory B cell	ENSG00000079263	TRUE
memory B cell	ENSG00000035720	TRUE
memory B cell	ENSG00000121895	TRUE
memory B cell	ENSG00000076604	TRUE
memory B cell	ENSG00000011590	TRUE
memory T cell	ENSG00000116824	TRUE
memory T cell	ENSG00000110848	TRUE
memory T cell	ENSG00000227507	TRUE
memory T cell	ENSG00000139193	TRUE
memory T cell	ENSG00000081237	TRUE
memory T cell	ENSG00000126353	TRUE
memory T cell	ENSG00000112486	TRUE
memory T cell	ENSG00000213402	TRUE
memory T cell	ENSG00000188404	TRUE
memory T cell	ENSG00000139626	TRUE
memory T cell	ENSG00000163220	TRUE
memory T cell	ENSG00000083457	TRUE
memory T cell	ENSG00000143546	TRUE
memory T cell	ENSG00000178562	TRUE
memory T cell	ENSG00000133574	TRUE
memory T cell	ENSG00000138795	TRUE
memory T cell	ENSG00000105374	TRUE
memory T cell	ENSG00000198821	TRUE
memory T cell	ENSG00000173762	TRUE
memory T cell	ENSG00000160791	TRUE
memory T cell	ENSG00000198851	TRUE
memory T cell	ENSG00000213658	TRUE
memory T cell	ENSG00000102575	TRUE
memory T cell	ENSG00000081059	TRUE
memory T cell	ENSG00000160654	TRUE
memory T cell	ENSG00000163600	TRUE
memory T cell	ENSG00000168685	TRUE
memory T cell	ENSG00000197594	TRUE
memory T cell	ENSG00000010610	TRUE
memory T cell	ENSG00000082781	TRUE
memory T cell	ENSG00000167286	TRUE
memory T cell	ENSG00000172215	TRUE
memory T cell	ENSG00000182568	TRUE
memory T cell	ENSG00000211772	TRUE
memory T cell	ENSG00000277734	TRUE
memory T cell	ENSG00000211751	TRUE
memory T cell	ENSG00000171791	TRUE
memory T cell	ENSG00000168421	TRUE
memory T cell	ENSG00000182866	TRUE
memory T cell	ENSG00000141293	TRUE
memory T cell	ENSG00000100351	TRUE
memory T cell	ENSG00000175463	TRUE
memory T cell	ENSG00000115165	TRUE
memory T cell	ENSG00000186432	TRUE
memory T cell	ENSG00000133106	TRUE
memory T cell	ENSG00000077420	TRUE
memory T cell	ENSG00000213203	TRUE
memory T cell	ENSG00000185811	TRUE
memory T cell	ENSG00000067066	TRUE
memory T cell	ENSG00000065357	TRUE
memory T cell	ENSG00000110934	TRUE
memory T cell	ENSG00000158987	TRUE
memory T cell	ENSG00000076928	TRUE
memory T cell	ENSG00000075884	TRUE
memory T cell	ENSG00000180448	TRUE
mesangial cell	ENSG00000126353	TRUE
mesangial cell	ENSG00000120156	TRUE
mesangial cell	ENSG00000163072	TRUE
mesangial cell	ENSG00000100311	TRUE
mesangial cell	ENSG00000138080	TRUE
mesangial cell	ENSG00000049246	TRUE
mesangial cell	ENSG00000172572	TRUE
mesangial cell	ENSG00000138795	TRUE
mesangial cell	ENSG00000171476	TRUE
mesangial cell	ENSG00000107796	TRUE
mesangial cell	ENSG00000260314	TRUE
mesangial cell	ENSG00000122861	TRUE
mesangial cell	ENSG00000113721	TRUE
mesangial cell	ENSG00000079308	TRUE
mesangial cell	ENSG00000145423	TRUE
mesangial cell	ENSG00000143369	TRUE
mesangial cell	ENSG00000091879	TRUE
mesangial cell	ENSG00000113578	TRUE
mesangial cell	ENSG00000107485	TRUE
mesangial cell	ENSG00000140464	TRUE
mesangial cell	ENSG00000147162	TRUE
mesangial cell	ENSG00000151014	TRUE
mesangial cell	ENSG00000140396	TRUE
mesangial cell	ENSG00000153246	TRUE
mesangial cell	ENSG00000103671	TRUE
mesangial cell	ENSG00000114019	TRUE
mesangial cell	ENSG00000150457	TRUE
mesangial cell	ENSG00000137693	TRUE
mesangial cell	ENSG00000162337	TRUE
mesangial cell	ENSG00000101752	TRUE
mesangial cell	ENSG00000143382	TRUE
mesangial cell	ENSG00000077943	TRUE
mesangial cell	ENSG00000157540	TRUE
mesangial cell	ENSG00000150347	TRUE
mesangial cell	ENSG00000115414	TRUE
mesangial cell	ENSG00000177425	TRUE
mesangial cell	ENSG00000105894	TRUE
mesangial cell	ENSG00000135919	TRUE
mesangial cell	ENSG00000112837	TRUE
mesangial cell	ENSG00000154096	TRUE
mesangial cell	ENSG00000101335	TRUE
mesangial cell	ENSG00000198467	TRUE
mesangial cell	ENSG00000122786	TRUE
mesangial cell	ENSG00000153234	TRUE
mesangial cell	ENSG00000072110	TRUE
mesangial cell	ENSG00000131016	TRUE
mesangial cell	ENSG00000067900	TRUE
mesangial cell	ENSG00000131171	TRUE
mesangial cell	ENSG00000108551	TRUE
mesangial cell	ENSG00000173267	TRUE
mesangial cell	ENSG00000168386	TRUE
mesangial cell	ENSG00000196924	TRUE
mesangial cell	ENSG00000081189	TRUE
mesangial cell	ENSG00000160213	TRUE
mesangial cell	ENSG00000153147	TRUE
mesangial cell	ENSG00000091436	TRUE
microvascular endothelial cell	ENSG00000118777	FALSE
microvascular endothelial cell	ENSG00000137273	FALSE
microvascular endothelial cell	ENSG00000131095	FALSE
microvascular endothelial cell	ENSG00000170075	FALSE
microvascular endothelial cell	ENSG00000164707	FALSE
microvascular endothelial cell	ENSG00000173638	FALSE
microvascular endothelial cell	ENSG00000089057	FALSE
microvascular endothelial cell	ENSG00000188338	FALSE
microvascular endothelial cell	ENSG00000127863	FALSE
microvascular endothelial cell	ENSG00000146072	FALSE
microvascular endothelial cell	ENSG00000183770	FALSE
microvascular endothelial cell	ENSG00000164379	FALSE
microvascular endothelial cell	ENSG00000138795	FALSE
microvascular endothelial cell	ENSG00000112033	FALSE
microvascular endothelial cell	ENSG00000156925	FALSE
microvascular endothelial cell	ENSG00000170017	FALSE
monocyte	ENSG00000101017	TRUE
monocyte	ENSG00000114013	TRUE
monocyte	ENSG00000204287	TRUE
monocyte	ENSG00000170458	TRUE
monocyte	ENSG00000119917	TRUE
monocyte	ENSG00000197471	TRUE
monocyte	ENSG00000121966	TRUE
monocyte	ENSG00000081237	TRUE
monocyte	ENSG00000072694	TRUE
monocyte	ENSG00000188404	TRUE
monocyte	ENSG00000136869	TRUE
monocyte	ENSG00000005844	TRUE
monocyte	ENSG00000169896	TRUE
monocyte	ENSG00000140678	TRUE
monocyte	ENSG00000277632	TRUE
monocyte	ENSG00000105383	TRUE
monocyte	ENSG00000026508	TRUE
monocyte	ENSG00000163220	TRUE
monocyte	ENSG00000177575	TRUE
monocyte	ENSG00000138744	TRUE
monocyte	ENSG00000101336	TRUE
monocyte	ENSG00000121807	TRUE
monocyte	ENSG00000196154	TRUE
monocyte	ENSG00000172243	TRUE
monocyte	ENSG00000204482	TRUE
monocyte	ENSG00000174837	TRUE
monocyte	ENSG00000168329	TRUE
monocyte	ENSG00000203747	TRUE
monocyte	ENSG00000197249	TRUE
monocyte	ENSG00000143546	TRUE
monocyte	ENSG00000038427	TRUE
monocyte	ENSG00000090382	TRUE
monocyte	ENSG00000261371	TRUE
monocyte	ENSG00000090339	TRUE
monocyte	ENSG00000007908	TRUE
monocyte	ENSG00000135218	TRUE
monocyte	ENSG00000174600	TRUE
monocyte	ENSG00000159640	TRUE
monocyte	ENSG00000196371	TRUE
monocyte	ENSG00000173762	TRUE
monocyte	ENSG00000150337	TRUE
monocyte	ENSG00000260314	TRUE
monocyte	ENSG00000127951	TRUE
monocyte	ENSG00000110077	TRUE
monocyte	ENSG00000232810	TRUE
monocyte	ENSG00000125538	TRUE
monocyte	ENSG00000166927	TRUE
monocyte	ENSG00000182578	TRUE
monocyte	ENSG00000129226	TRUE
monocyte	ENSG00000090104	TRUE
monocyte	ENSG00000126759	TRUE
monocyte	ENSG00000122861	TRUE
monocyte	ENSG00000115414	TRUE
monocyte	ENSG00000128383	TRUE
monocyte	ENSG00000168769	TRUE
monocyte	ENSG00000135636	TRUE
monocyte	ENSG00000103313	TRUE
monocyte	ENSG00000162747	TRUE
monocyte	ENSG00000159339	TRUE
monocyte	ENSG00000121853	TRUE
monocyte	ENSG00000169083	TRUE
monocyte	ENSG00000157873	TRUE
monocyte	ENSG00000093072	TRUE
monocyte	ENSG00000170430	TRUE
monocyte	ENSG00000102575	TRUE
monocyte	ENSG00000117228	TRUE
monocyte	ENSG00000089127	TRUE
monocyte	ENSG00000185507	TRUE
monocyte	ENSG00000188313	TRUE
monocyte	ENSG00000157601	TRUE
monocyte	ENSG00000136689	TRUE
monocyte	ENSG00000185745	TRUE
monocyte	ENSG00000131203	TRUE
monocyte	ENSG00000121858	TRUE
monocyte	ENSG00000169245	TRUE
monocyte	ENSG00000119535	TRUE
monocyte	ENSG00000163563	TRUE
monocyte	ENSG00000152518	TRUE
monocyte	ENSG00000111144	TRUE
monocyte	ENSG00000172322	TRUE
monocyte	ENSG00000117091	TRUE
monocyte	ENSG00000196415	TRUE
monocyte	ENSG00000142089	TRUE
monocyte	ENSG00000197746	TRUE
monocyte	ENSG00000085265	TRUE
monocyte	ENSG00000155366	TRUE
monocyte	ENSG00000085514	TRUE
monocyte	ENSG00000144802	TRUE
monocyte	ENSG00000160932	TRUE
monocyte	ENSG00000254087	TRUE
monocyte	ENSG00000172216	TRUE
monocyte	ENSG00000216490	TRUE
monocyte	ENSG00000163221	TRUE
monocyte	ENSG00000116741	TRUE
monocyte	ENSG00000066336	TRUE
monocyte	ENSG00000025708	TRUE
monocyte	ENSG00000121552	TRUE
monocyte	ENSG00000103490	TRUE
monocyte	ENSG00000143669	TRUE
mononuclear phagocyte	ENSG00000117322	TRUE
mononuclear phagocyte	ENSG00000012124	TRUE
mononuclear phagocyte	ENSG00000101017	TRUE
mononuclear phagocyte	ENSG00000121594	TRUE
mononuclear phagocyte	ENSG00000114013	TRUE
mononuclear phagocyte	ENSG00000204287	TRUE
mononuclear phagocyte	ENSG00000196735	TRUE
mononuclear phagocyte	ENSG00000170458	TRUE
mononuclear phagocyte	ENSG00000119917	TRUE
mononuclear phagocyte	ENSG00000128322	TRUE
mononuclear phagocyte	ENSG00000197471	TRUE
mononuclear phagocyte	ENSG00000132465	TRUE
mononuclear phagocyte	ENSG00000170476	TRUE
mononuclear phagocyte	ENSG00000099958	TRUE
mononuclear phagocyte	ENSG00000095585	TRUE
mononuclear phagocyte	ENSG00000186265	TRUE
mononuclear phagocyte	ENSG00000269404	TRUE
mononuclear phagocyte	ENSG00000121966	TRUE
mononuclear phagocyte	ENSG00000081237	TRUE
mononuclear phagocyte	ENSG00000119866	TRUE
mononuclear phagocyte	ENSG00000126353	TRUE
mononuclear phagocyte	ENSG00000239732	TRUE
mononuclear phagocyte	ENSG00000134061	TRUE
mononuclear phagocyte	ENSG00000158481	TRUE
mononuclear phagocyte	ENSG00000072694	TRUE
mononuclear phagocyte	ENSG00000140968	TRUE
mononuclear phagocyte	ENSG00000188404	TRUE
mononuclear phagocyte	ENSG00000179344	TRUE
mononuclear phagocyte	ENSG00000185291	TRUE
mononuclear phagocyte	ENSG00000179639	TRUE
mononuclear phagocyte	ENSG00000136869	TRUE
mononuclear phagocyte	ENSG00000005844	TRUE
mononuclear phagocyte	ENSG00000169896	TRUE
mononuclear phagocyte	ENSG00000140678	TRUE
mononuclear phagocyte	ENSG00000277632	TRUE
mononuclear phagocyte	ENSG00000105383	TRUE
mononuclear phagocyte	ENSG00000026508	TRUE
mononuclear phagocyte	ENSG00000039068	TRUE
mononuclear phagocyte	ENSG00000169508	TRUE
mononuclear phagocyte	ENSG00000136244	TRUE
mononuclear phagocyte	ENSG00000112149	TRUE
mononuclear phagocyte	ENSG00000158477	TRUE
mononuclear phagocyte	ENSG00000090659	TRUE
mononuclear phagocyte	ENSG00000078081	TRUE
mononuclear phagocyte	ENSG00000158485	TRUE
mononuclear phagocyte	ENSG00000095970	TRUE
mononuclear phagocyte	ENSG00000170323	TRUE
mononuclear phagocyte	ENSG00000163220	TRUE
mononuclear phagocyte	ENSG00000118520	TRUE
mononuclear phagocyte	ENSG00000242574	TRUE
mononuclear phagocyte	ENSG00000204257	TRUE
mononuclear phagocyte	ENSG00000132514	TRUE
mononuclear phagocyte	ENSG00000196126	TRUE
mononuclear phagocyte	ENSG00000231389	TRUE
mononuclear phagocyte	ENSG00000223865	TRUE
mononuclear phagocyte	ENSG00000163687	TRUE
mononuclear phagocyte	ENSG00000197992	TRUE
mononuclear phagocyte	ENSG00000131042	TRUE
mononuclear phagocyte	ENSG00000139083	TRUE
mononuclear phagocyte	ENSG00000177575	TRUE
mononuclear phagocyte	ENSG00000169429	TRUE
mononuclear phagocyte	ENSG00000155659	TRUE
mononuclear phagocyte	ENSG00000119508	TRUE
mononuclear phagocyte	ENSG00000056558	TRUE
mononuclear phagocyte	ENSG00000104856	TRUE
mononuclear phagocyte	ENSG00000123685	TRUE
mononuclear phagocyte	ENSG00000102962	TRUE
mononuclear phagocyte	ENSG00000026751	TRUE
mononuclear phagocyte	ENSG00000173578	TRUE
mononuclear phagocyte	ENSG00000161921	TRUE
mononuclear phagocyte	ENSG00000161929	TRUE
mononuclear phagocyte	ENSG00000146192	TRUE
mononuclear phagocyte	ENSG00000276600	TRUE
mononuclear phagocyte	ENSG00000138744	TRUE
mononuclear phagocyte	ENSG00000101336	TRUE
mononuclear phagocyte	ENSG00000010704	TRUE
mononuclear phagocyte	ENSG00000121807	TRUE
mononuclear phagocyte	ENSG00000196218	TRUE
mononuclear phagocyte	ENSG00000083457	TRUE
mononuclear phagocyte	ENSG00000196189	TRUE
mononuclear phagocyte	ENSG00000197635	TRUE
mononuclear phagocyte	ENSG00000158714	TRUE
mononuclear phagocyte	ENSG00000186810	TRUE
mononuclear phagocyte	ENSG00000122025	TRUE
mononuclear phagocyte	ENSG00000164342	TRUE
mononuclear phagocyte	ENSG00000183484	TRUE
mononuclear phagocyte	ENSG00000135074	TRUE
mononuclear phagocyte	ENSG00000152056	TRUE
mononuclear phagocyte	ENSG00000130707	TRUE
mononuclear phagocyte	ENSG00000159618	TRUE
mononuclear phagocyte	ENSG00000119714	TRUE
mononuclear phagocyte	ENSG00000157404	TRUE
mononuclear phagocyte	ENSG00000117009	TRUE
mononuclear phagocyte	ENSG00000078589	TRUE
mononuclear phagocyte	ENSG00000137502	TRUE
mononuclear phagocyte	ENSG00000130584	TRUE
mononuclear phagocyte	ENSG00000196154	TRUE
mononuclear phagocyte	ENSG00000172243	TRUE
mononuclear phagocyte	ENSG00000204472	TRUE
mononuclear phagocyte	ENSG00000204482	TRUE
mononuclear phagocyte	ENSG00000163131	TRUE
mononuclear phagocyte	ENSG00000174837	TRUE
mononuclear phagocyte	ENSG00000102970	TRUE
mononuclear phagocyte	ENSG00000116031	TRUE
mononuclear phagocyte	ENSG00000153563	TRUE
mononuclear phagocyte	ENSG00000168329	TRUE
mononuclear phagocyte	ENSG00000054219	TRUE
mononuclear phagocyte	ENSG00000197646	TRUE
mononuclear phagocyte	ENSG00000198053	TRUE
mononuclear phagocyte	ENSG00000203747	TRUE
mononuclear phagocyte	ENSG00000087086	TRUE
mononuclear phagocyte	ENSG00000197249	TRUE
mononuclear phagocyte	ENSG00000167601	TRUE
mononuclear phagocyte	ENSG00000167641	TRUE
mononuclear phagocyte	ENSG00000105492	TRUE
mononuclear phagocyte	ENSG00000153071	TRUE
mononuclear phagocyte	ENSG00000143546	TRUE
mononuclear phagocyte	ENSG00000038427	TRUE
mononuclear phagocyte	ENSG00000090382	TRUE
mononuclear phagocyte	ENSG00000135046	TRUE
mononuclear phagocyte	ENSG00000182985	TRUE
mononuclear phagocyte	ENSG00000145349	TRUE
mononuclear phagocyte	ENSG00000131981	TRUE
mononuclear phagocyte	ENSG00000131400	TRUE
mononuclear phagocyte	ENSG00000121316	TRUE
mononuclear phagocyte	ENSG00000169413	TRUE
mononuclear phagocyte	ENSG00000145287	TRUE
mononuclear phagocyte	ENSG00000018280	TRUE
mononuclear phagocyte	ENSG00000162493	TRUE
mononuclear phagocyte	ENSG00000160307	TRUE
mononuclear phagocyte	ENSG00000178562	TRUE
mononuclear phagocyte	ENSG00000118898	TRUE
mononuclear phagocyte	ENSG00000126233	TRUE
mononuclear phagocyte	ENSG00000206503	TRUE
mononuclear phagocyte	ENSG00000234745	TRUE
mononuclear phagocyte	ENSG00000204525	TRUE
mononuclear phagocyte	ENSG00000198502	TRUE
mononuclear phagocyte	ENSG00000170542	TRUE
mononuclear phagocyte	ENSG00000167748	TRUE
mononuclear phagocyte	ENSG00000261371	TRUE
mononuclear phagocyte	ENSG00000090339	TRUE
mononuclear phagocyte	ENSG00000007908	TRUE
mononuclear phagocyte	ENSG00000135218	TRUE
mononuclear phagocyte	ENSG00000182566	TRUE
mononuclear phagocyte	ENSG00000174600	TRUE
mononuclear phagocyte	ENSG00000159640	TRUE
mononuclear phagocyte	ENSG00000196371	TRUE
mononuclear phagocyte	ENSG00000100453	TRUE
mononuclear phagocyte	ENSG00000173762	TRUE
mononuclear phagocyte	ENSG00000150337	TRUE
mononuclear phagocyte	ENSG00000260314	TRUE
mononuclear phagocyte	ENSG00000127951	TRUE
mononuclear phagocyte	ENSG00000110077	TRUE
mononuclear phagocyte	ENSG00000232810	TRUE
mononuclear phagocyte	ENSG00000125538	TRUE
mononuclear phagocyte	ENSG00000128604	TRUE
mononuclear phagocyte	ENSG00000166927	TRUE
mononuclear phagocyte	ENSG00000182578	TRUE
mononuclear phagocyte	ENSG00000129226	TRUE
mononuclear phagocyte	ENSG00000090104	TRUE
mononuclear phagocyte	ENSG00000126759	TRUE
mononuclear phagocyte	ENSG00000122861	TRUE
mononuclear phagocyte	ENSG00000115414	TRUE
mononuclear phagocyte	ENSG00000128383	TRUE
mononuclear phagocyte	ENSG00000168769	TRUE
mononuclear phagocyte	ENSG00000135636	TRUE
mononuclear phagocyte	ENSG00000103313	TRUE
mononuclear phagocyte	ENSG00000162747	TRUE
mononuclear phagocyte	ENSG00000159339	TRUE
mononuclear phagocyte	ENSG00000121853	TRUE
mononuclear phagocyte	ENSG00000169083	TRUE
mononuclear phagocyte	ENSG00000157873	TRUE
mononuclear phagocyte	ENSG00000093072	TRUE
mononuclear phagocyte	ENSG00000170430	TRUE
mononuclear phagocyte	ENSG00000102575	TRUE
mononuclear phagocyte	ENSG00000117228	TRUE
mononuclear phagocyte	ENSG00000089127	TRUE
mononuclear phagocyte	ENSG00000185507	TRUE
mononuclear phagocyte	ENSG00000188313	TRUE
mononuclear phagocyte	ENSG00000157601	TRUE
mononuclear phagocyte	ENSG00000136689	TRUE
mononuclear phagocyte	ENSG00000185745	TRUE
mononuclear phagocyte	ENSG00000131203	TRUE
mononuclear phagocyte	ENSG00000121858	TRUE
mononuclear phagocyte	ENSG00000169245	TRUE
mononuclear phagocyte	ENSG00000119535	TRUE
mononuclear phagocyte	ENSG00000163563	TRUE
mononuclear phagocyte	ENSG00000152518	TRUE
mononuclear phagocyte	ENSG00000111144	TRUE
mononuclear phagocyte	ENSG00000172322	TRUE
mononuclear phagocyte	ENSG00000117091	TRUE
mononuclear phagocyte	ENSG00000196415	TRUE
mononuclear phagocyte	ENSG00000142089	TRUE
mononuclear phagocyte	ENSG00000197746	TRUE
mononuclear phagocyte	ENSG00000085265	TRUE
mononuclear phagocyte	ENSG00000155366	TRUE
mononuclear phagocyte	ENSG00000085514	TRUE
mononuclear phagocyte	ENSG00000144802	TRUE
mononuclear phagocyte	ENSG00000160932	TRUE
mononuclear phagocyte	ENSG00000254087	TRUE
mononuclear phagocyte	ENSG00000172216	TRUE
mononuclear phagocyte	ENSG00000216490	TRUE
mononuclear phagocyte	ENSG00000163221	TRUE
mononuclear phagocyte	ENSG00000116741	TRUE
mononuclear phagocyte	ENSG00000066336	TRUE
mononuclear phagocyte	ENSG00000025708	TRUE
mononuclear phagocyte	ENSG00000121552	TRUE
mononuclear phagocyte	ENSG00000103490	TRUE
mononuclear phagocyte	ENSG00000143669	TRUE
mononuclear phagocyte	ENSG00000107968	TRUE
mononuclear phagocyte	ENSG00000056736	TRUE
mononuclear phagocyte	ENSG00000010610	TRUE
mononuclear phagocyte	ENSG00000239961	TRUE
mononuclear phagocyte	ENSG00000198178	TRUE
mononuclear phagocyte	ENSG00000102871	TRUE
mononuclear phagocyte	ENSG00000123329	TRUE
mononuclear phagocyte	ENSG00000125869	TRUE
mononuclear phagocyte	ENSG00000169967	TRUE
mononuclear phagocyte	ENSG00000102524	TRUE
mononuclear phagocyte	ENSG00000171611	TRUE
mononuclear phagocyte	ENSG00000178607	TRUE
mononuclear phagocyte	ENSG00000124507	TRUE
mononuclear phagocyte	ENSG00000196664	TRUE
mononuclear phagocyte	ENSG00000111249	TRUE
mononuclear phagocyte	ENSG00000140563	TRUE
mononuclear phagocyte	ENSG00000179603	TRUE
mononuclear phagocyte	ENSG00000154229	TRUE
mononuclear phagocyte	ENSG00000132357	TRUE
mononuclear phagocyte	ENSG00000132386	TRUE
mononuclear phagocyte	ENSG00000135916	TRUE
mononuclear phagocyte	ENSG00000196628	TRUE
mononuclear phagocyte	ENSG00000066827	TRUE
mononuclear phagocyte	ENSG00000099250	TRUE
mononuclear phagocyte	ENSG00000139370	TRUE
mononuclear phagocyte	ENSG00000173585	TRUE
mononuclear phagocyte	ENSG00000130303	TRUE
myeloid leukocyte	ENSG00000104921	TRUE
myeloid leukocyte	ENSG00000101017	TRUE
myeloid leukocyte	ENSG00000110848	TRUE
myeloid leukocyte	ENSG00000121594	TRUE
myeloid leukocyte	ENSG00000114013	TRUE
myeloid leukocyte	ENSG00000204287	TRUE
myeloid leukocyte	ENSG00000170458	TRUE
myeloid leukocyte	ENSG00000119917	TRUE
myeloid leukocyte	ENSG00000196549	TRUE
myeloid leukocyte	ENSG00000197471	TRUE
myeloid leukocyte	ENSG00000177455	TRUE
myeloid leukocyte	ENSG00000272398	TRUE
myeloid leukocyte	ENSG00000121966	TRUE
myeloid leukocyte	ENSG00000109743	TRUE
myeloid leukocyte	ENSG00000081237	TRUE
myeloid leukocyte	ENSG00000126353	TRUE
myeloid leukocyte	ENSG00000196352	TRUE
myeloid leukocyte	ENSG00000019582	TRUE
myeloid leukocyte	ENSG00000134061	TRUE
myeloid leukocyte	ENSG00000072694	TRUE
myeloid leukocyte	ENSG00000134460	TRUE
myeloid leukocyte	ENSG00000077238	TRUE
myeloid leukocyte	ENSG00000188404	TRUE
myeloid leukocyte	ENSG00000187098	TRUE
myeloid leukocyte	ENSG00000185291	TRUE
myeloid leukocyte	ENSG00000183625	TRUE
myeloid leukocyte	ENSG00000154269	TRUE
myeloid leukocyte	ENSG00000179639	TRUE
myeloid leukocyte	ENSG00000136869	TRUE
myeloid leukocyte	ENSG00000213316	TRUE
myeloid leukocyte	ENSG00000163751	TRUE
myeloid leukocyte	ENSG00000005844	TRUE
myeloid leukocyte	ENSG00000169896	TRUE
myeloid leukocyte	ENSG00000140678	TRUE
myeloid leukocyte	ENSG00000139626	TRUE
myeloid leukocyte	ENSG00000113520	TRUE
myeloid leukocyte	ENSG00000149534	TRUE
myeloid leukocyte	ENSG00000149516	TRUE
myeloid leukocyte	ENSG00000140287	TRUE
myeloid leukocyte	ENSG00000179348	TRUE
myeloid leukocyte	ENSG00000277632	TRUE
myeloid leukocyte	ENSG00000105383	TRUE
myeloid leukocyte	ENSG00000026508	TRUE
myeloid leukocyte	ENSG00000039068	TRUE
myeloid leukocyte	ENSG00000135312	TRUE
myeloid leukocyte	ENSG00000163453	TRUE
myeloid leukocyte	ENSG00000137976	TRUE
myeloid leukocyte	ENSG00000134824	TRUE
myeloid leukocyte	ENSG00000076716	TRUE
myeloid leukocyte	ENSG00000113262	TRUE
myeloid leukocyte	ENSG00000131069	TRUE
myeloid leukocyte	ENSG00000170425	TRUE
myeloid leukocyte	ENSG00000103569	TRUE
myeloid leukocyte	ENSG00000186318	TRUE
myeloid leukocyte	ENSG00000125378	TRUE
myeloid leukocyte	ENSG00000134508	TRUE
myeloid leukocyte	ENSG00000275302	TRUE
myeloid leukocyte	ENSG00000245848	TRUE
myeloid leukocyte	ENSG00000129173	TRUE
myeloid leukocyte	ENSG00000149485	TRUE
myeloid leukocyte	ENSG00000064763	TRUE
myeloid leukocyte	ENSG00000112146	TRUE
myeloid leukocyte	ENSG00000204681	TRUE
myeloid leukocyte	ENSG00000169508	TRUE
myeloid leukocyte	ENSG00000019991	TRUE
myeloid leukocyte	ENSG00000185885	TRUE
myeloid leukocyte	ENSG00000203485	TRUE
myeloid leukocyte	ENSG00000153814	TRUE
myeloid leukocyte	ENSG00000198910	TRUE
myeloid leukocyte	ENSG00000130702	TRUE
myeloid leukocyte	ENSG00000172197	TRUE
myeloid leukocyte	ENSG00000165030	TRUE
myeloid leukocyte	ENSG00000135838	TRUE
myeloid leukocyte	ENSG00000021762	TRUE
myeloid leukocyte	ENSG00000089723	TRUE
myeloid leukocyte	ENSG00000169860	TRUE
myeloid leukocyte	ENSG00000067992	TRUE
myeloid leukocyte	ENSG00000067840	TRUE
myeloid leukocyte	ENSG00000112378	TRUE
myeloid leukocyte	ENSG00000255072	TRUE
myeloid leukocyte	ENSG00000171680	TRUE
myeloid leukocyte	ENSG00000122194	TRUE
myeloid leukocyte	ENSG00000204618	TRUE
myeloid leukocyte	ENSG00000091138	TRUE
myeloid leukocyte	ENSG00000112053	TRUE
myeloid leukocyte	ENSG00000064692	TRUE
myeloid leukocyte	ENSG00000117069	TRUE
myeloid leukocyte	ENSG00000196284	TRUE
myeloid leukocyte	ENSG00000078246	TRUE
myeloid leukocyte	ENSG00000135605	TRUE
myeloid leukocyte	ENSG00000112494	TRUE
myeloid leukocyte	ENSG00000165392	TRUE
myeloid leukocyte	ENSG00000125968	TRUE
myeloid leukocyte	ENSG00000112149	TRUE
myeloid leukocyte	ENSG00000095970	TRUE
myeloid leukocyte	ENSG00000170323	TRUE
myeloid leukocyte	ENSG00000163220	TRUE
myeloid leukocyte	ENSG00000132514	TRUE
myeloid leukocyte	ENSG00000163687	TRUE
myeloid leukocyte	ENSG00000177575	TRUE
myeloid leukocyte	ENSG00000155659	TRUE
myeloid leukocyte	ENSG00000119508	TRUE
myeloid leukocyte	ENSG00000102962	TRUE
myeloid leukocyte	ENSG00000026751	TRUE
myeloid leukocyte	ENSG00000161921	TRUE
myeloid leukocyte	ENSG00000161929	TRUE
myeloid leukocyte	ENSG00000146192	TRUE
myeloid leukocyte	ENSG00000276600	TRUE
myeloid leukocyte	ENSG00000138744	TRUE
myeloid leukocyte	ENSG00000101336	TRUE
myeloid leukocyte	ENSG00000010704	TRUE
myeloid leukocyte	ENSG00000121807	TRUE
myeloid leukocyte	ENSG00000186810	TRUE
myeloid leukocyte	ENSG00000183484	TRUE
myeloid leukocyte	ENSG00000157404	TRUE
myeloid leukocyte	ENSG00000196154	TRUE
myeloid leukocyte	ENSG00000172243	TRUE
myeloid leukocyte	ENSG00000204472	TRUE
myeloid leukocyte	ENSG00000204482	TRUE
myeloid leukocyte	ENSG00000174837	TRUE
myeloid leukocyte	ENSG00000168329	TRUE
myeloid leukocyte	ENSG00000203747	TRUE
myeloid leukocyte	ENSG00000197249	TRUE
myeloid leukocyte	ENSG00000153071	TRUE
myeloid leukocyte	ENSG00000143546	TRUE
myeloid leukocyte	ENSG00000038427	TRUE
myeloid leukocyte	ENSG00000090382	TRUE
myeloid leukocyte	ENSG00000131981	TRUE
myeloid leukocyte	ENSG00000018280	TRUE
myeloid leukocyte	ENSG00000261371	TRUE
myeloid leukocyte	ENSG00000090339	TRUE
myeloid leukocyte	ENSG00000007908	TRUE
myeloid leukocyte	ENSG00000162692	TRUE
myeloid leukocyte	ENSG00000065534	TRUE
myeloid leukocyte	ENSG00000118257	TRUE
myeloid leukocyte	ENSG00000135218	TRUE
myeloid leukocyte	ENSG00000133800	TRUE
myeloid leukocyte	ENSG00000010327	TRUE
myeloid leukocyte	ENSG00000163739	TRUE
myeloid leukocyte	ENSG00000103257	TRUE
myeloid leukocyte	ENSG00000175264	TRUE
myeloid leukocyte	ENSG00000107317	TRUE
myeloid leukocyte	ENSG00000150625	TRUE
myeloid leukocyte	ENSG00000174600	TRUE
myeloid leukocyte	ENSG00000119787	TRUE
myeloid leukocyte	ENSG00000159640	TRUE
myeloid leukocyte	ENSG00000171860	TRUE
myeloid leukocyte	ENSG00000196371	TRUE
myeloid leukocyte	ENSG00000197405	TRUE
myeloid leukocyte	ENSG00000163823	TRUE
myeloid leukocyte	ENSG00000122223	TRUE
myeloid leukocyte	ENSG00000183134	TRUE
myeloid leukocyte	ENSG00000105366	TRUE
myeloid leukocyte	ENSG00000142512	TRUE
myeloid leukocyte	ENSG00000008438	TRUE
myeloid leukocyte	ENSG00000121053	TRUE
myeloid leukocyte	ENSG00000169397	TRUE
myeloid leukocyte	ENSG00000169385	TRUE
myeloid leukocyte	ENSG00000113525	TRUE
myeloid leukocyte	ENSG00000186652	TRUE
myeloid leukocyte	ENSG00000156575	TRUE
myeloid leukocyte	ENSG00000030419	TRUE
myeloid leukocyte	ENSG00000172156	TRUE
myeloid leukocyte	ENSG00000271503	TRUE
myeloid leukocyte	ENSG00000164400	TRUE
myeloid leukocyte	ENSG00000091181	TRUE
myeloid leukocyte	ENSG00000173762	TRUE
myeloid leukocyte	ENSG00000148346	TRUE
myeloid leukocyte	ENSG00000073756	TRUE
myeloid leukocyte	ENSG00000188993	TRUE
myeloid leukocyte	ENSG00000150337	TRUE
myeloid leukocyte	ENSG00000186818	TRUE
myeloid leukocyte	ENSG00000160791	TRUE
myeloid leukocyte	ENSG00000137462	TRUE
myeloid leukocyte	ENSG00000171659	TRUE
myeloid leukocyte	ENSG00000135678	TRUE
myeloid leukocyte	ENSG00000133063	TRUE
myeloid leukocyte	ENSG00000124491	TRUE
myeloid leukocyte	ENSG00000106799	TRUE
myeloid leukocyte	ENSG00000162723	TRUE
myeloid leukocyte	ENSG00000187116	TRUE
myeloid leukocyte	ENSG00000260314	TRUE
myeloid leukocyte	ENSG00000173193	TRUE
myeloid leukocyte	ENSG00000168214	TRUE
myeloid leukocyte	ENSG00000137491	TRUE
myeloid leukocyte	ENSG00000129521	TRUE
myeloid leukocyte	ENSG00000160593	TRUE
myeloid leukocyte	ENSG00000127951	TRUE
myeloid leukocyte	ENSG00000136235	TRUE
myeloid leukocyte	ENSG00000166527	TRUE
myeloid leukocyte	ENSG00000151651	TRUE
myeloid leukocyte	ENSG00000152213	TRUE
myeloid leukocyte	ENSG00000262406	TRUE
myeloid leukocyte	ENSG00000100979	TRUE
myeloid leukocyte	ENSG00000110079	TRUE
myeloid leukocyte	ENSG00000110077	TRUE
myeloid leukocyte	ENSG00000171051	TRUE
myeloid leukocyte	ENSG00000130513	TRUE
myeloid leukocyte	ENSG00000139832	TRUE
myeloid leukocyte	ENSG00000232810	TRUE
myeloid leukocyte	ENSG00000167208	TRUE
myeloid leukocyte	ENSG00000184922	TRUE
myeloid leukocyte	ENSG00000144959	TRUE
myeloid leukocyte	ENSG00000106178	TRUE
myeloid leukocyte	ENSG00000167851	TRUE
myeloid leukocyte	ENSG00000081041	TRUE
myeloid leukocyte	ENSG00000108688	TRUE
myeloid leukocyte	ENSG00000108691	TRUE
myeloid leukocyte	ENSG00000125538	TRUE
myeloid leukocyte	ENSG00000128604	TRUE
myeloid leukocyte	ENSG00000106546	TRUE
myeloid leukocyte	ENSG00000136286	TRUE
myeloid leukocyte	ENSG00000138166	TRUE
myeloid leukocyte	ENSG00000174946	TRUE
myeloid leukocyte	ENSG00000155307	TRUE
myeloid leukocyte	ENSG00000100985	TRUE
myeloid leukocyte	ENSG00000135245	TRUE
myeloid leukocyte	ENSG00000134955	TRUE
myeloid leukocyte	ENSG00000143387	TRUE
myeloid leukocyte	ENSG00000087253	TRUE
myeloid leukocyte	ENSG00000163106	TRUE
myeloid leukocyte	ENSG00000159110	TRUE
myeloid leukocyte	ENSG00000166927	TRUE
myeloid leukocyte	ENSG00000164120	TRUE
myeloid leukocyte	ENSG00000073754	TRUE
myeloid leukocyte	ENSG00000100055	TRUE
myeloid leukocyte	ENSG00000198851	TRUE
myeloid leukocyte	ENSG00000182578	TRUE
myeloid leukocyte	ENSG00000129226	TRUE
myeloid leukocyte	ENSG00000175567	TRUE
myeloid leukocyte	ENSG00000188056	TRUE
myeloid leukocyte	ENSG00000000938	TRUE
myeloid leukocyte	ENSG00000165168	TRUE
myeloid leukocyte	ENSG00000091972	TRUE
myeloid leukocyte	ENSG00000163606	TRUE
myeloid leukocyte	ENSG00000141448	TRUE
myeloid leukocyte	ENSG00000132170	TRUE
myeloid leukocyte	ENSG00000011600	TRUE
myeloid leukocyte	ENSG00000090104	TRUE
myeloid leukocyte	ENSG00000171631	TRUE
myeloid leukocyte	ENSG00000178573	TRUE
myeloid leukocyte	ENSG00000123146	TRUE
myeloid leukocyte	ENSG00000110446	TRUE
myeloid leukocyte	ENSG00000135929	TRUE
myeloid leukocyte	ENSG00000155465	TRUE
myeloid leukocyte	ENSG00000020633	TRUE
myeloid leukocyte	ENSG00000165025	TRUE
myeloid leukocyte	ENSG00000112115	TRUE
myeloid leukocyte	ENSG00000147571	TRUE
myeloid leukocyte	ENSG00000117594	TRUE
myeloid leukocyte	ENSG00000120217	TRUE
myeloid leukocyte	ENSG00000180871	TRUE
myeloid leukocyte	ENSG00000085871	TRUE
myeloid leukocyte	ENSG00000087085	TRUE
myeloid leukocyte	ENSG00000091704	TRUE
myeloid leukocyte	ENSG00000092009	TRUE
myeloid leukocyte	ENSG00000150540	TRUE
myeloid leukocyte	ENSG00000172236	TRUE
myeloid leukocyte	ENSG00000126759	TRUE
myeloid leukocyte	ENSG00000041353	TRUE
myeloid leukocyte	ENSG00000155926	TRUE
myeloid leukocyte	ENSG00000115602	TRUE
myeloid leukocyte	ENSG00000127955	TRUE
myeloid leukocyte	ENSG00000197766	TRUE
myeloid leukocyte	ENSG00000091039	TRUE
myeloid leukocyte	ENSG00000282608	TRUE
myeloid leukocyte	ENSG00000002587	TRUE
myeloid leukocyte	ENSG00000100368	TRUE
myeloid leukocyte	ENSG00000070190	TRUE
myeloid leukocyte	ENSG00000108576	TRUE
myeloid leukocyte	ENSG00000069535	TRUE
myeloid leukocyte	ENSG00000144655	TRUE
myeloid leukocyte	ENSG00000140459	TRUE
myeloid leukocyte	ENSG00000115956	TRUE
myeloid leukocyte	ENSG00000197253	TRUE
myeloid leukocyte	ENSG00000129167	TRUE
myeloid leukocyte	ENSG00000127074	TRUE
myeloid leukocyte	ENSG00000116176	TRUE
myeloid leukocyte	ENSG00000185338	TRUE
myeloid leukocyte	ENSG00000010671	TRUE
myeloid leukocyte	ENSG00000110002	TRUE
myeloid leukocyte	ENSG00000183019	TRUE
myeloid leukocyte	ENSG00000271605	TRUE
myeloid leukocyte	ENSG00000157613	TRUE
myeloid leukocyte	ENSG00000151617	TRUE
myeloid leukocyte	ENSG00000171004	TRUE
myeloid leukocyte	ENSG00000175538	TRUE
myeloid leukocyte	ENSG00000134138	TRUE
myeloid leukocyte	ENSG00000183695	TRUE
myeloid leukocyte	ENSG00000122861	TRUE
myeloid leukocyte	ENSG00000163638	TRUE
myeloid leukocyte	ENSG00000106078	TRUE
myeloid leukocyte	ENSG00000100448	TRUE
myeloid leukocyte	ENSG00000197959	TRUE
myeloid leukocyte	ENSG00000164418	TRUE
myeloid leukocyte	ENSG00000153976	TRUE
myeloid leukocyte	ENSG00000198682	TRUE
myeloid leukocyte	ENSG00000166228	TRUE
myeloid leukocyte	ENSG00000248485	TRUE
myeloid leukocyte	ENSG00000133135	TRUE
myeloid leukocyte	ENSG00000112759	TRUE
myeloid leukocyte	ENSG00000158715	TRUE
myeloid leukocyte	ENSG00000133121	TRUE
myeloid leukocyte	ENSG00000128274	TRUE
myeloid leukocyte	ENSG00000078124	TRUE
myeloid leukocyte	ENSG00000102401	TRUE
myeloid leukocyte	ENSG00000179941	TRUE
myeloid leukocyte	ENSG00000204217	TRUE
myeloid leukocyte	ENSG00000166278	TRUE
myeloid leukocyte	ENSG00000163492	TRUE
myeloid leukocyte	ENSG00000143776	TRUE
myeloid leukocyte	ENSG00000113100	TRUE
myeloid leukocyte	ENSG00000005243	TRUE
myeloid leukocyte	ENSG00000177054	TRUE
myeloid leukocyte	ENSG00000198722	TRUE
myeloid leukocyte	ENSG00000168016	TRUE
myeloid leukocyte	ENSG00000146426	TRUE
myeloid leukocyte	ENSG00000152284	TRUE
myeloid leukocyte	ENSG00000152953	TRUE
myeloid leukocyte	ENSG00000184005	TRUE
myeloid leukocyte	ENSG00000120833	TRUE
myeloid leukocyte	ENSG00000166068	TRUE
myeloid leukocyte	ENSG00000091482	TRUE
myeloid leukocyte	ENSG00000102038	TRUE
myeloid leukocyte	ENSG00000080493	TRUE
myeloid leukocyte	ENSG00000136867	TRUE
myeloid leukocyte	ENSG00000127990	TRUE
myeloid leukocyte	ENSG00000185483	TRUE
myeloid leukocyte	ENSG00000164197	TRUE
myeloid leukocyte	ENSG00000058729	TRUE
myeloid leukocyte	ENSG00000078328	TRUE
myeloid leukocyte	ENSG00000109756	TRUE
myeloid leukocyte	ENSG00000154678	TRUE
myeloid leukocyte	ENSG00000169851	TRUE
myeloid leukocyte	ENSG00000123240	TRUE
myeloid leukocyte	ENSG00000184232	TRUE
myeloid leukocyte	ENSG00000067141	TRUE
myeloid leukocyte	ENSG00000166507	TRUE
myeloid leukocyte	ENSG00000170255	TRUE
myeloid leukocyte	ENSG00000115648	TRUE
myeloid leukocyte	ENSG00000140545	TRUE
myeloid leukocyte	ENSG00000185565	TRUE
myeloid leukocyte	ENSG00000050405	TRUE
myeloid leukocyte	ENSG00000170477	TRUE
myeloid leukocyte	ENSG00000100196	TRUE
myeloid leukocyte	ENSG00000010404	TRUE
myeloid leukocyte	ENSG00000155304	TRUE
myeloid leukocyte	ENSG00000153936	TRUE
myeloid leukocyte	ENSG00000185245	TRUE
myeloid leukocyte	ENSG00000128266	TRUE
myeloid leukocyte	ENSG00000182197	TRUE
myeloid leukocyte	ENSG00000158220	TRUE
myeloid leukocyte	ENSG00000111674	TRUE
myeloid leukocyte	ENSG00000154380	TRUE
myeloid leukocyte	ENSG00000120129	TRUE
myeloid leukocyte	ENSG00000157680	TRUE
myeloid leukocyte	ENSG00000132437	TRUE
myeloid leukocyte	ENSG00000163673	TRUE
myeloid leukocyte	ENSG00000163464	TRUE
myeloid leukocyte	ENSG00000115414	TRUE
myeloid leukocyte	ENSG00000128383	TRUE
myeloid leukocyte	ENSG00000168769	TRUE
myeloid leukocyte	ENSG00000135636	TRUE
myeloid leukocyte	ENSG00000103313	TRUE
myeloid leukocyte	ENSG00000162747	TRUE
myeloid leukocyte	ENSG00000159339	TRUE
myeloid leukocyte	ENSG00000121853	TRUE
myeloid leukocyte	ENSG00000169083	TRUE
myeloid leukocyte	ENSG00000157873	TRUE
myeloid leukocyte	ENSG00000093072	TRUE
myeloid leukocyte	ENSG00000170430	TRUE
myeloid leukocyte	ENSG00000102575	TRUE
myeloid leukocyte	ENSG00000117228	TRUE
myeloid leukocyte	ENSG00000089127	TRUE
myeloid leukocyte	ENSG00000185507	TRUE
myeloid leukocyte	ENSG00000188313	TRUE
myeloid leukocyte	ENSG00000157601	TRUE
myeloid leukocyte	ENSG00000136689	TRUE
myeloid leukocyte	ENSG00000185745	TRUE
myeloid leukocyte	ENSG00000131203	TRUE
myeloid leukocyte	ENSG00000121858	TRUE
myeloid leukocyte	ENSG00000169245	TRUE
myeloid leukocyte	ENSG00000119535	TRUE
myeloid leukocyte	ENSG00000163563	TRUE
myeloid leukocyte	ENSG00000152518	TRUE
myeloid leukocyte	ENSG00000111144	TRUE
myeloid leukocyte	ENSG00000172322	TRUE
myeloid leukocyte	ENSG00000117091	TRUE
myeloid leukocyte	ENSG00000196415	TRUE
myeloid leukocyte	ENSG00000142089	TRUE
myeloid leukocyte	ENSG00000197746	TRUE
myeloid leukocyte	ENSG00000085265	TRUE
myeloid leukocyte	ENSG00000155366	TRUE
myeloid leukocyte	ENSG00000085514	TRUE
myeloid leukocyte	ENSG00000144802	TRUE
myeloid leukocyte	ENSG00000160932	TRUE
myeloid leukocyte	ENSG00000254087	TRUE
myeloid leukocyte	ENSG00000172216	TRUE
myeloid leukocyte	ENSG00000216490	TRUE
myeloid leukocyte	ENSG00000163221	TRUE
myeloid leukocyte	ENSG00000116741	TRUE
myeloid leukocyte	ENSG00000066336	TRUE
myeloid leukocyte	ENSG00000025708	TRUE
myeloid leukocyte	ENSG00000121552	TRUE
myeloid leukocyte	ENSG00000103490	TRUE
myeloid leukocyte	ENSG00000143669	TRUE
myeloid leukocyte	ENSG00000124469	TRUE
myeloid leukocyte	ENSG00000158473	TRUE
myeloid leukocyte	ENSG00000005381	TRUE
myeloid leukocyte	ENSG00000079385	TRUE
myeloid leukocyte	ENSG00000132693	TRUE
myeloid leukocyte	ENSG00000206047	TRUE
myeloid leukocyte	ENSG00000239839	TRUE
myeloid leukocyte	ENSG00000012223	TRUE
myeloid leukocyte	ENSG00000197561	TRUE
myeloid leukocyte	ENSG00000257017	TRUE
myeloid leukocyte	ENSG00000118113	TRUE
myeloid leukocyte	ENSG00000171236	TRUE
myeloid leukocyte	ENSG00000099985	TRUE
myeloid leukocyte	ENSG00000166523	TRUE
myeloid leukocyte	ENSG00000244617	TRUE
myeloid leukocyte	ENSG00000121797	TRUE
myeloid leukocyte	ENSG00000158517	TRUE
myeloid leukocyte	ENSG00000124731	TRUE
myeloid leukocyte	ENSG00000137642	TRUE
myeloid leukocyte	ENSG00000081181	TRUE
myeloid leukocyte	ENSG00000115590	TRUE
myeloid leukocyte	ENSG00000204936	TRUE
myeloid leukocyte	ENSG00000111331	TRUE
myeloid leukocyte	ENSG00000172232	TRUE
myeloid leukocyte	ENSG00000021355	TRUE
myeloid leukocyte	ENSG00000164047	TRUE
myeloid leukocyte	ENSG00000105281	TRUE
myeloid leukocyte	ENSG00000159322	TRUE
myeloid leukocyte	ENSG00000140368	TRUE
myeloid leukocyte	ENSG00000107099	TRUE
myeloid leukocyte	ENSG00000162711	TRUE
myeloid leukocyte	ENSG00000025434	TRUE
myeloid leukocyte	ENSG00000153208	TRUE
myeloid leukocyte	ENSG00000100292	TRUE
myeloid leukocyte	ENSG00000166211	TRUE
myeloid leukocyte	ENSG00000138449	TRUE
myeloid leukocyte	ENSG00000088827	TRUE
naive B cell	ENSG00000116824	TRUE
naive B cell	ENSG00000156738	TRUE
naive B cell	ENSG00000117322	TRUE
naive B cell	ENSG00000012124	TRUE
naive B cell	ENSG00000104921	TRUE
naive B cell	ENSG00000110848	TRUE
naive B cell	ENSG00000105369	TRUE
naive B cell	ENSG00000007312	TRUE
naive B cell	ENSG00000159958	TRUE
naive B cell	ENSG00000211898	TRUE
naive B cell	ENSG00000211899	TRUE
naive B cell	ENSG00000227507	TRUE
naive B cell	ENSG00000196549	TRUE
naive B cell	ENSG00000177455	TRUE
naive B cell	ENSG00000137101	TRUE
naive B cell	ENSG00000153064	TRUE
naive B cell	ENSG00000128218	TRUE
naive B cell	ENSG00000116191	TRUE
naive B cell	ENSG00000269404	TRUE
naive B cell	ENSG00000145088	TRUE
naive B cell	ENSG00000023445	TRUE
naive B cell	ENSG00000211592	TRUE
naive B cell	ENSG00000112182	TRUE
naive B cell	ENSG00000019582	TRUE
naive B cell	ENSG00000169442	TRUE
naive B cell	ENSG00000042980	TRUE
naive B cell	ENSG00000136573	TRUE
naive B cell	ENSG00000134061	TRUE
naive B cell	ENSG00000158481	TRUE
naive B cell	ENSG00000104894	TRUE
naive B cell	ENSG00000160683	TRUE
naive B cell	ENSG00000072694	TRUE
naive B cell	ENSG00000132704	TRUE
naive B cell	ENSG00000111816	TRUE
naive B cell	ENSG00000125245	TRUE
naive B cell	ENSG00000228315	TRUE
naive B cell	ENSG00000152804	TRUE
naive B cell	ENSG00000241106	TRUE
naive B cell	ENSG00000206066	TRUE
naive B cell	ENSG00000140968	TRUE
naive B cell	ENSG00000112799	TRUE
naive B cell	ENSG00000135577	TRUE
naive B cell	ENSG00000083454	TRUE
naive B cell	ENSG00000168081	TRUE
naive B cell	ENSG00000213402	TRUE
naive B cell	ENSG00000068831	TRUE
naive B cell	ENSG00000142178	TRUE
naive B cell	ENSG00000074803	TRUE
naive B cell	ENSG00000035720	TRUE
naive B cell	ENSG00000134460	TRUE
naive B cell	ENSG00000005471	TRUE
naive B cell	ENSG00000110987	TRUE
naive B cell	ENSG00000162373	TRUE
naive B cell	ENSG00000157764	TRUE
naive B cell	ENSG00000077238	TRUE
naive B cell	ENSG00000112818	TRUE
naive B cell	ENSG00000243156	TRUE
naive B cell	ENSG00000174944	TRUE
naive B cell	ENSG00000242221	TRUE
naive B cell	ENSG00000188404	TRUE
naive B cell	ENSG00000100721	TRUE
naive B cell	ENSG00000242366	TRUE
naive B cell	ENSG00000187607	TRUE
naive B cell	ENSG00000106952	TRUE
naive B cell	ENSG00000114861	TRUE
naive B cell	ENSG00000187098	TRUE
naive B cell	ENSG00000179344	TRUE
naive B cell	ENSG00000247982	TRUE
naive B cell	ENSG00000066923	TRUE
natural killer cell	ENSG00000116824	TRUE
natural killer cell	ENSG00000110848	TRUE
natural killer cell	ENSG00000137872	TRUE
natural killer cell	ENSG00000139193	TRUE
natural killer cell	ENSG00000121966	TRUE
natural killer cell	ENSG00000162739	TRUE
natural killer cell	ENSG00000169896	TRUE
natural killer cell	ENSG00000140678	TRUE
natural killer cell	ENSG00000277632	TRUE
natural killer cell	ENSG00000105383	TRUE
natural killer cell	ENSG00000275302	TRUE
natural killer cell	ENSG00000026751	TRUE
natural killer cell	ENSG00000197635	TRUE
natural killer cell	ENSG00000157404	TRUE
natural killer cell	ENSG00000196154	TRUE
natural killer cell	ENSG00000153563	TRUE
natural killer cell	ENSG00000203747	TRUE
natural killer cell	ENSG00000170542	TRUE
natural killer cell	ENSG00000115641	TRUE
natural killer cell	ENSG00000122223	TRUE
natural killer cell	ENSG00000271503	TRUE
natural killer cell	ENSG00000164400	TRUE
natural killer cell	ENSG00000115523	TRUE
natural killer cell	ENSG00000100453	TRUE
natural killer cell	ENSG00000137441	TRUE
natural killer cell	ENSG00000105374	TRUE
natural killer cell	ENSG00000180644	TRUE
natural killer cell	ENSG00000150045	TRUE
natural killer cell	ENSG00000171476	TRUE
natural killer cell	ENSG00000077984	TRUE
natural killer cell	ENSG00000134539	TRUE
natural killer cell	ENSG00000172543	TRUE
natural killer cell	ENSG00000159674	TRUE
natural killer cell	ENSG00000145649	TRUE
natural killer cell	ENSG00000198821	TRUE
natural killer cell	ENSG00000173762	TRUE
natural killer cell	ENSG00000211829	TRUE
natural killer cell	ENSG00000106546	TRUE
natural killer cell	ENSG00000117594	TRUE
natural killer cell	ENSG00000092009	TRUE
natural killer cell	ENSG00000213658	TRUE
natural killer cell	ENSG00000105329	TRUE
natural killer cell	ENSG00000111796	TRUE
natural killer cell	ENSG00000100385	TRUE
natural killer cell	ENSG00000109906	TRUE
natural killer cell	ENSG00000073861	TRUE
natural killer cell	ENSG00000060140	TRUE
natural killer cell	ENSG00000213809	TRUE
natural killer cell	ENSG00000168995	TRUE
natural killer cell	ENSG00000189430	TRUE
natural killer cell	ENSG00000134545	TRUE
natural killer cell	ENSG00000008517	TRUE
natural killer cell	ENSG00000100450	TRUE
natural killer cell	ENSG00000197540	TRUE
natural killer cell	ENSG00000147421	TRUE
natural killer cell	ENSG00000160654	TRUE
natural killer cell	ENSG00000150275	TRUE
natural killer cell	ENSG00000158050	TRUE
natural killer cell	ENSG00000074966	TRUE
natural killer cell	ENSG00000147443	TRUE
natural killer cell	ENSG00000205809	TRUE
natural killer cell	ENSG00000164483	TRUE
natural killer cell	ENSG00000131873	TRUE
natural killer cell	ENSG00000143185	TRUE
natural killer cell	ENSG00000115604	TRUE
natural killer cell	ENSG00000134516	TRUE
natural killer cell	ENSG00000027869	TRUE
natural killer cell	ENSG00000143184	TRUE
natural killer cell	ENSG00000113088	TRUE
natural killer cell	ENSG00000111537	TRUE
natural killer cell	ENSG00000147168	TRUE
natural killer cell	ENSG00000125498	TRUE
natural killer cell	ENSG00000167633	TRUE
natural killer cell	ENSG00000104972	TRUE
natural killer cell	ENSG00000139187	TRUE
natural killer cell	ENSG00000204475	TRUE
natural killer cell	ENSG00000138316	TRUE
natural killer cell	ENSG00000164171	TRUE
natural killer cell	ENSG00000069493	TRUE
natural killer cell	ENSG00000167618	TRUE
neutrophil	ENSG00000170458	TRUE
neutrophil	ENSG00000196549	TRUE
neutrophil	ENSG00000272398	TRUE
neutrophil	ENSG00000109743	TRUE
neutrophil	ENSG00000188404	TRUE
neutrophil	ENSG00000169896	TRUE
neutrophil	ENSG00000140678	TRUE
neutrophil	ENSG00000140287	TRUE
neutrophil	ENSG00000277632	TRUE
neutrophil	ENSG00000105383	TRUE
neutrophil	ENSG00000163220	TRUE
neutrophil	ENSG00000196154	TRUE
neutrophil	ENSG00000203747	TRUE
neutrophil	ENSG00000143546	TRUE
neutrophil	ENSG00000090382	TRUE
neutrophil	ENSG00000261371	TRUE
neutrophil	ENSG00000065534	TRUE
neutrophil	ENSG00000196371	TRUE
neutrophil	ENSG00000197405	TRUE
neutrophil	ENSG00000163823	TRUE
neutrophil	ENSG00000148346	TRUE
neutrophil	ENSG00000073756	TRUE
neutrophil	ENSG00000150337	TRUE
neutrophil	ENSG00000137462	TRUE
neutrophil	ENSG00000160593	TRUE
neutrophil	ENSG00000166527	TRUE
neutrophil	ENSG00000151651	TRUE
neutrophil	ENSG00000167208	TRUE
neutrophil	ENSG00000081041	TRUE
neutrophil	ENSG00000125538	TRUE
neutrophil	ENSG00000100985	TRUE
neutrophil	ENSG00000180871	TRUE
neutrophil	ENSG00000126759	TRUE
neutrophil	ENSG00000100448	TRUE
neutrophil	ENSG00000163464	TRUE
neutrophil	ENSG00000119535	TRUE
neutrophil	ENSG00000196415	TRUE
neutrophil	ENSG00000085514	TRUE
neutrophil	ENSG00000143669	TRUE
neutrophil	ENSG00000124469	TRUE
neutrophil	ENSG00000005381	TRUE
neutrophil	ENSG00000079385	TRUE
neutrophil	ENSG00000132693	TRUE
neutrophil	ENSG00000206047	TRUE
neutrophil	ENSG00000239839	TRUE
neutrophil	ENSG00000012223	TRUE
neutrophil	ENSG00000197561	TRUE
neutrophil	ENSG00000257017	TRUE
neutrophil	ENSG00000118113	TRUE
neutrophil	ENSG00000171236	TRUE
neutrophil	ENSG00000099985	TRUE
neutrophil	ENSG00000166523	TRUE
neutrophil	ENSG00000244617	TRUE
neutrophil	ENSG00000121797	TRUE
neutrophil	ENSG00000158517	TRUE
neutrophil	ENSG00000124731	TRUE
neutrophil	ENSG00000137642	TRUE
neutrophil	ENSG00000081181	TRUE
neutrophil	ENSG00000115590	TRUE
neutrophil	ENSG00000204936	TRUE
neutrophil	ENSG00000111331	TRUE
neutrophil	ENSG00000172232	TRUE
neutrophil	ENSG00000021355	TRUE
neutrophil	ENSG00000164047	TRUE
neutrophil	ENSG00000105281	TRUE
neutrophil	ENSG00000159322	TRUE
neutrophil	ENSG00000140368	TRUE
neutrophil	ENSG00000107099	TRUE
neutrophil	ENSG00000162711	TRUE
pericyte	ENSG00000126353	TRUE
pericyte	ENSG00000135318	TRUE
pericyte	ENSG00000174944	TRUE
pericyte	ENSG00000185885	TRUE
pericyte	ENSG00000170323	TRUE
pericyte	ENSG00000261371	TRUE
pericyte	ENSG00000090339	TRUE
pericyte	ENSG00000076706	TRUE
pericyte	ENSG00000120156	TRUE
pericyte	ENSG00000163072	TRUE
pericyte	ENSG00000277494	TRUE
pericyte	ENSG00000100311	TRUE
pericyte	ENSG00000143248	TRUE
pericyte	ENSG00000232995	TRUE
pericyte	ENSG00000121361	TRUE
pericyte	ENSG00000133110	TRUE
pericyte	ENSG00000138080	TRUE
pericyte	ENSG00000049246	TRUE
pericyte	ENSG00000172572	TRUE
pericyte	ENSG00000138795	TRUE
pericyte	ENSG00000171476	TRUE
pericyte	ENSG00000107796	TRUE
pericyte	ENSG00000131055	TRUE
pericyte	ENSG00000260314	TRUE
pericyte	ENSG00000117594	TRUE
pericyte	ENSG00000122861	TRUE
pericyte	ENSG00000140545	TRUE
pericyte	ENSG00000112715	TRUE
pericyte	ENSG00000113721	TRUE
pericyte	ENSG00000079308	TRUE
pericyte	ENSG00000145423	TRUE
pericyte	ENSG00000143369	TRUE
pericyte	ENSG00000091879	TRUE
pericyte	ENSG00000113578	TRUE
pericyte	ENSG00000107485	TRUE
pericyte	ENSG00000140464	TRUE
pericyte	ENSG00000147162	TRUE
pericyte	ENSG00000151014	TRUE
pericyte	ENSG00000140396	TRUE
pericyte	ENSG00000153246	TRUE
pericyte	ENSG00000103671	TRUE
pericyte	ENSG00000114019	TRUE
pericyte	ENSG00000150457	TRUE
pericyte	ENSG00000137693	TRUE
pericyte	ENSG00000162337	TRUE
pericyte	ENSG00000101752	TRUE
pericyte	ENSG00000143382	TRUE
pericyte	ENSG00000077943	TRUE
pericyte	ENSG00000157540	TRUE
pericyte	ENSG00000150347	TRUE
pericyte	ENSG00000115414	TRUE
pericyte	ENSG00000177425	TRUE
pericyte	ENSG00000105894	TRUE
pericyte	ENSG00000135919	TRUE
pericyte	ENSG00000112837	TRUE
pericyte	ENSG00000154096	TRUE
pericyte	ENSG00000101335	TRUE
pericyte	ENSG00000198467	TRUE
pericyte	ENSG00000122786	TRUE
pericyte	ENSG00000153234	TRUE
pericyte	ENSG00000072110	TRUE
pericyte	ENSG00000131016	TRUE
pericyte	ENSG00000067900	TRUE
pericyte	ENSG00000131171	TRUE
pericyte	ENSG00000108551	TRUE
pericyte	ENSG00000173267	TRUE
pericyte	ENSG00000168386	TRUE
pericyte	ENSG00000196924	TRUE
pericyte	ENSG00000081189	TRUE
pericyte	ENSG00000160213	TRUE
pericyte	ENSG00000153147	TRUE
pericyte	ENSG00000091436	TRUE
pericyte	ENSG00000173546	TRUE
pericyte	ENSG00000166825	TRUE
pericyte	ENSG00000175084	TRUE
pericyte	ENSG00000069431	TRUE
pericyte	ENSG00000174807	TRUE
pericyte	ENSG00000185559	TRUE
pericyte	ENSG00000074181	TRUE
pericyte	ENSG00000111087	TRUE
pericyte	ENSG00000148926	TRUE
pericyte	ENSG00000154188	TRUE
pericyte	ENSG00000152977	TRUE
pericyte	ENSG00000054598	TRUE
pericyte	ENSG00000131097	TRUE
pericyte	ENSG00000133401	TRUE
pericyte	ENSG00000162576	TRUE
pericyte	ENSG00000138735	TRUE
pericyte	ENSG00000025434	TRUE
pericyte	ENSG00000149131	TRUE
pericyte	ENSG00000186998	TRUE
pericyte	ENSG00000118004	TRUE
pericyte	ENSG00000106538	TRUE
pericyte	ENSG00000088320	TRUE
pericyte	ENSG00000106819	TRUE
pericyte	ENSG00000161544	TRUE
pericyte	ENSG00000109072	TRUE
pericyte	ENSG00000127954	TRUE
pericyte	ENSG00000185633	TRUE
pericyte	ENSG00000169507	TRUE
pericyte	ENSG00000187527	TRUE
pericyte	ENSG00000131471	TRUE
pericyte	ENSG00000109452	TRUE
pericyte	ENSG00000026025	TRUE
pericyte	ENSG00000160801	TRUE
pericyte	ENSG00000162551	TRUE
pericyte	ENSG00000108821	TRUE
pericyte	ENSG00000128641	TRUE
pericyte	ENSG00000168434	TRUE
pericyte	ENSG00000163909	TRUE
pericyte	ENSG00000114450	TRUE
pericyte	ENSG00000163132	TRUE
plasma cell	ENSG00000156738	TRUE
plasma cell	ENSG00000101017	TRUE
plasma cell	ENSG00000105369	TRUE
plasma cell	ENSG00000115884	TRUE
plasma cell	ENSG00000240505	TRUE
plasma cell	ENSG00000211898	TRUE
plasma cell	ENSG00000211899	TRUE
plasma cell	ENSG00000152689	TRUE
plasma cell	ENSG00000177455	TRUE
plasma cell	ENSG00000272398	TRUE
plasma cell	ENSG00000139193	TRUE
plasma cell	ENSG00000132465	TRUE
plasma cell	ENSG00000170476	TRUE
plasma cell	ENSG00000048462	TRUE
plasma cell	ENSG00000145088	TRUE
plasma cell	ENSG00000121966	TRUE
plasma cell	ENSG00000211677	TRUE
plasma cell	ENSG00000211679	TRUE
plasma cell	ENSG00000211592	TRUE
plasma cell	ENSG00000211896	TRUE
plasma cell	ENSG00000211897	TRUE
plasma cell	ENSG00000211892	TRUE
plasma cell	ENSG00000004468	TRUE
plasma cell	ENSG00000019582	TRUE
plasma cell	ENSG00000104894	TRUE
plasma cell	ENSG00000170456	TRUE
plasma cell	ENSG00000072694	TRUE
plasma cell	ENSG00000132704	TRUE
plasma cell	ENSG00000176533	TRUE
plasma cell	ENSG00000228315	TRUE
plasma cell	ENSG00000241106	TRUE
plasma cell	ENSG00000206066	TRUE
plasma cell	ENSG00000083454	TRUE
plasma cell	ENSG00000168081	TRUE
plasma cell	ENSG00000142178	TRUE
plasma cell	ENSG00000121895	TRUE
plasma cell	ENSG00000125810	TRUE
plasma cell	ENSG00000010278	TRUE
plasma cell	ENSG00000100453	TRUE
plasma cell	ENSG00000143839	TRUE
plasma cell	ENSG00000110079	TRUE
plasma cell	ENSG00000127074	TRUE
plasma cell	ENSG00000137265	TRUE
plasma cell	ENSG00000057657	TRUE
plasma cell	ENSG00000197594	TRUE
plasma cell	ENSG00000136826	TRUE
plasma cell	ENSG00000033800	TRUE
plasma cell	ENSG00000172115	TRUE
plasma cell	ENSG00000184047	TRUE
plasma cell	ENSG00000115317	TRUE
plasma cell	ENSG00000184451	TRUE
plasma cell	ENSG00000150967	TRUE
plasma cell	ENSG00000116748	TRUE
plasma cell	ENSG00000101280	TRUE
plasma cell	ENSG00000230223	TRUE
plasma cell	ENSG00000170128	TRUE
plasma cell	ENSG00000211891	TRUE
plasma cell	ENSG00000177272	TRUE
plasma cell	ENSG00000178342	TRUE
plasma cell	ENSG00000203896	TRUE
plasma cell	ENSG00000111885	TRUE
plasma cell	ENSG00000172469	TRUE
plasma cell	ENSG00000105613	TRUE
plasma cell	ENSG00000184313	TRUE
plasma cell	ENSG00000009709	TRUE
plasma cell	ENSG00000152256	TRUE
plasma cell	ENSG00000225093	TRUE
plasma cell	ENSG00000061656	TRUE
plasma cell	ENSG00000136840	TRUE
plasma cell	ENSG00000104055	TRUE
plasma cell	ENSG00000197888	TRUE
plasma cell	ENSG00000124256	TRUE
plasma cell	ENSG00000197279	TRUE
plasma cell	ENSG00000211893	TRUE
plasma cell	ENSG00000253755	TRUE
plasma cell	ENSG00000211895	TRUE
plasma cell	ENSG00000211890	TRUE
plasma cell	ENSG00000211673	TRUE
plasma cell	ENSG00000211685	TRUE
plasma cell	ENSG00000180879	TRUE
plasma cell	ENSG00000172349	TRUE
plasma cell	ENSG00000180535	TRUE
plasma cell	ENSG00000166794	TRUE
regulatory T cell	ENSG00000135318	TRUE
regulatory T cell	ENSG00000134460	TRUE
regulatory T cell	ENSG00000188404	TRUE
regulatory T cell	ENSG00000083457	TRUE
regulatory T cell	ENSG00000030419	TRUE
regulatory T cell	ENSG00000178573	TRUE
regulatory T cell	ENSG00000010610	TRUE
regulatory T cell	ENSG00000110195	TRUE
regulatory T cell	ENSG00000089692	TRUE
regulatory T cell	ENSG00000186827	TRUE
regulatory T cell	ENSG00000136634	TRUE
regulatory T cell	ENSG00000183813	TRUE
regulatory T cell	ENSG00000049768	TRUE
regulatory T cell	ENSG00000138185	TRUE
regulatory T cell	ENSG00000163599	TRUE
regulatory T cell	ENSG00000183560	TRUE
regulatory T cell	ENSG00000070729	TRUE
regulatory T cell	ENSG00000186891	TRUE
regulatory T cell	ENSG00000115594	TRUE
regulatory T cell	ENSG00000105855	TRUE
regulatory T cell	ENSG00000137507	TRUE
somatic stem cell	ENSG00000119866	TRUE
somatic stem cell	ENSG00000039068	TRUE
somatic stem cell	ENSG00000138795	TRUE
somatic stem cell	ENSG00000111704	TRUE
somatic stem cell	ENSG00000204531	TRUE
somatic stem cell	ENSG00000187682	TRUE
somatic stem cell	ENSG00000119888	TRUE
somatic stem cell	ENSG00000184697	TRUE
somatic stem cell	ENSG00000181885	TRUE
somatic stem cell	ENSG00000182747	TRUE
somatic stem cell	ENSG00000241186	TRUE
somatic stem cell	ENSG00000107562	TRUE
somatic stem cell	ENSG00000176887	TRUE
somatic stem cell	ENSG00000072832	TRUE
somatic stem cell	ENSG00000157851	TRUE
somatic stem cell	ENSG00000148798	TRUE
somatic stem cell	ENSG00000117122	TRUE
stem cell	ENSG00000143867	TRUE
stem cell	ENSG00000075891	TRUE
stem cell	ENSG00000104313	TRUE
stem cell	ENSG00000184937	TRUE
stem cell	ENSG00000170577	TRUE
stem cell	ENSG00000103449	TRUE
stem cell	ENSG00000125931	TRUE
T cell	ENSG00000116824	TRUE
T cell	ENSG00000110848	TRUE
T cell	ENSG00000227507	TRUE
T cell	ENSG00000137872	TRUE
T cell	ENSG00000119917	TRUE
T cell	ENSG00000121966	TRUE
T cell	ENSG00000126353	TRUE
T cell	ENSG00000169442	TRUE
T cell	ENSG00000213402	TRUE
T cell	ENSG00000134460	TRUE
T cell	ENSG00000157764	TRUE
T cell	ENSG00000277632	TRUE
T cell	ENSG00000275302	TRUE
T cell	ENSG00000185885	TRUE
T cell	ENSG00000056558	TRUE
T cell	ENSG00000123685	TRUE
T cell	ENSG00000121807	TRUE
T cell	ENSG00000196154	TRUE
T cell	ENSG00000153563	TRUE
T cell	ENSG00000160307	TRUE
T cell	ENSG00000178562	TRUE
T cell	ENSG00000196329	TRUE
T cell	ENSG00000107317	TRUE
T cell	ENSG00000170891	TRUE
T cell	ENSG00000138795	TRUE
T cell	ENSG00000271503	TRUE
T cell	ENSG00000115523	TRUE
T cell	ENSG00000100453	TRUE
T cell	ENSG00000137441	TRUE
T cell	ENSG00000105374	TRUE
T cell	ENSG00000180644	TRUE
T cell	ENSG00000150045	TRUE
T cell	ENSG00000171476	TRUE
T cell	ENSG00000077984	TRUE
T cell	ENSG00000134539	TRUE
T cell	ENSG00000172543	TRUE
T cell	ENSG00000159674	TRUE
T cell	ENSG00000145649	TRUE
T cell	ENSG00000198821	TRUE
T cell	ENSG00000169583	TRUE
T cell	ENSG00000173762	TRUE
T cell	ENSG00000205336	TRUE
T cell	ENSG00000211829	TRUE
T cell	ENSG00000117632	TRUE
T cell	ENSG00000164104	TRUE
T cell	ENSG00000176890	TRUE
T cell	ENSG00000148773	TRUE
T cell	ENSG00000175063	TRUE
T cell	ENSG00000123416	TRUE
T cell	ENSG00000066279	TRUE
T cell	ENSG00000115163	TRUE
T cell	ENSG00000131747	TRUE
T cell	ENSG00000132646	TRUE
T cell	ENSG00000178999	TRUE
T cell	ENSG00000089685	TRUE
T cell	ENSG00000137804	TRUE
T cell	ENSG00000135451	TRUE
T cell	ENSG00000196230	TRUE
T cell	ENSG00000117724	TRUE
T cell	ENSG00000134057	TRUE
T cell	ENSG00000233306	TRUE
T cell	ENSG00000211694	TRUE
T cell	ENSG00000211693	TRUE
T cell	ENSG00000211701	TRUE
T cell	ENSG00000211699	TRUE
T cell	ENSG00000211698	TRUE
T cell	ENSG00000211697	TRUE
T cell	ENSG00000211696	TRUE
T cell	ENSG00000211695	TRUE
T cell	ENSG00000211690	TRUE
T cell	ENSG00000211687	TRUE
T cell	ENSG00000211692	TRUE
T cell	ENSG00000211688	TRUE
T cell	ENSG00000211691	TRUE
T cell	ENSG00000211689	TRUE
T cell	ENSG00000227191	TRUE
T cell	ENSG00000223997	TRUE
T cell	ENSG00000237235	TRUE
T cell	ENSG00000228985	TRUE
T cell	ENSG00000211825	TRUE
T cell	ENSG00000211827	TRUE
T cell	ENSG00000211828	TRUE
T cell	ENSG00000211826	TRUE
T cell	ENSG00000211804	TRUE
T cell	ENSG00000211821	TRUE
T cell	ENSG00000256590	TRUE
T cell	ENSG00000164949	TRUE
T cell	ENSG00000184922	TRUE
T cell	ENSG00000136286	TRUE
T cell	ENSG00000198851	TRUE
T cell	ENSG00000213658	TRUE
T cell	ENSG00000154096	TRUE
T cell	ENSG00000111796	TRUE
T cell	ENSG00000069667	TRUE
T cell	ENSG00000100385	TRUE
T cell	ENSG00000081059	TRUE
T cell	ENSG00000008517	TRUE
T cell	ENSG00000100450	TRUE
T cell	ENSG00000160654	TRUE
T cell	ENSG00000158050	TRUE
T cell	ENSG00000074966	TRUE
T cell	ENSG00000115604	TRUE
T cell	ENSG00000113088	TRUE
T cell	ENSG00000111537	TRUE
T cell	ENSG00000069493	TRUE
T cell	ENSG00000163600	TRUE
T cell	ENSG00000168685	TRUE
T cell	ENSG00000074181	TRUE
T cell	ENSG00000010610	TRUE
T cell	ENSG00000167286	TRUE
T cell	ENSG00000106560	TRUE
T cell	ENSG00000213023	TRUE
T cell	ENSG00000050165	TRUE
T cell	ENSG00000100422	TRUE
T cell	ENSG00000183395	TRUE
T cell	ENSG00000172215	TRUE
T cell	ENSG00000182568	TRUE
T cell	ENSG00000113263	TRUE
T cell	ENSG00000211772	TRUE
T cell	ENSG00000185022	TRUE
T cell	ENSG00000177426	TRUE
T cell	ENSG00000118503	TRUE
T cell	ENSG00000095794	TRUE
T cell	ENSG00000168994	TRUE
T cell	ENSG00000173559	TRUE
T cell	ENSG00000125898	TRUE
T cell	ENSG00000232472	TRUE
T cell	ENSG00000277734	TRUE
T cell	ENSG00000233328	TRUE
T cell	ENSG00000211751	TRUE
T cell	ENSG00000171791	TRUE
T cell	ENSG00000134242	TRUE
T cell	ENSG00000102886	TRUE
T cell	ENSG00000172116	TRUE
T cell	ENSG00000089692	TRUE
T cell	ENSG00000183918	TRUE
T cell	ENSG00000125910	TRUE
T cell	ENSG00000117281	TRUE
T cell	ENSG00000168421	TRUE
T cell	ENSG00000177675	TRUE
T cell	ENSG00000134046	TRUE
T cell	ENSG00000186827	TRUE
T cell	ENSG00000115009	TRUE
T cell	ENSG00000013725	TRUE
T cell	ENSG00000182866	TRUE
T cell	ENSG00000110651	TRUE
T cell	ENSG00000141293	TRUE
T cell	ENSG00000118513	TRUE
T cell	ENSG00000276070	TRUE
T cell	ENSG00000163564	TRUE
T cell	ENSG00000171223	TRUE
